"test_id","term","estimate","ci_lo","ci_hi","p_term","scale","outcome","modifier","representation","n_pairs","min_events_cell","sparse_lt20","or_global_p","rd_global_p","or_q","rd_q","global_p","q"
"aki1_48h__age__linear","treated:modifier",1.59879842522996,1.46998163014063,1.73890363804972,6.72584400088732e-28,"OR","aki1_48h","age","linear",4690,248,FALSE,6.72584400088728e-28,1.61696816037279e-33,4.03550640053237e-27,9.70180896223673e-33,6.72584400088728e-28,4.03550640053237e-27
"aki1_48h__age__linear","treated:modifier",0.0974791781475478,0.0816433333994853,0.11331502289561,2.85030270882822e-33,"RD","aki1_48h","age","linear",4690,248,FALSE,6.72584400088728e-28,1.61696816037279e-33,4.03550640053237e-27,9.70180896223673e-33,1.61696816037279e-33,9.70180896223673e-33
"aki1_48h__age__quartile","treated:modifierQ2",1.44901836228477,1.12739756067893,1.86239024055898,0.00377399232198626,"OR","aki1_48h","age","quartile",4690,248,FALSE,2.68480298791453e-24,7.75158229161865e-30,1.28870543419897e-23,3.72075949997695e-29,2.68480298791453e-24,1.28870543419897e-23
"aki1_48h__age__quartile","treated:modifierQ3",1.94700174991305,1.51027379524846,2.51001892907826,2.72608925465779e-07,"OR","aki1_48h","age","quartile",4690,248,FALSE,2.68480298791453e-24,7.75158229161865e-30,1.28870543419897e-23,3.72075949997695e-29,2.68480298791453e-24,1.28870543419897e-23
"aki1_48h__age__quartile","treated:modifierQ4",3.85863588540741,2.98287478061789,4.99151724132035,8.57764335746852e-25,"OR","aki1_48h","age","quartile",4690,248,FALSE,2.68480298791453e-24,7.75158229161865e-30,1.28870543419897e-23,3.72075949997695e-29,2.68480298791453e-24,1.28870543419897e-23
"aki1_48h__age__quartile","treated:modifierQ2",0.0729934403098219,0.0244316334707818,0.121555247148862,0.00322617369798096,"RD","aki1_48h","age","quartile",4690,248,FALSE,2.68480298791453e-24,7.75158229161865e-30,1.28870543419897e-23,3.72075949997695e-29,7.75158229161865e-30,3.72075949997695e-29
"aki1_48h__age__quartile","treated:modifierQ3",0.141496078538453,0.0903840137856048,0.192608143291301,5.90787945976675e-08,"RD","aki1_48h","age","quartile",4690,248,FALSE,2.68480298791453e-24,7.75158229161865e-30,1.28870543419897e-23,3.72075949997695e-29,7.75158229161865e-30,3.72075949997695e-29
"aki1_48h__age__quartile","treated:modifierQ4",0.300653311426231,0.249115733524361,0.352190889328101,4.47345254208639e-30,"RD","aki1_48h","age","quartile",4690,248,FALSE,2.68480298791453e-24,7.75158229161865e-30,1.28870543419897e-23,3.72075949997695e-29,7.75158229161865e-30,3.72075949997695e-29
"aki1_48h__alb_cat__factor","treated:modifierlow",1.23319099638632,0.886393001945734,1.7156724277268,0.213435747950227,"OR","aki1_48h","alb_cat","factor",4690,108,FALSE,0.0312999904234375,0.0207362751762453,0.0417333205645834,0.0276483669016605,0.0312999904234375,0.0417333205645834
"aki1_48h__alb_cat__factor","treated:modifiermissing",0.843677236911212,0.697021077519398,1.02119046760437,0.08102516457972,"OR","aki1_48h","alb_cat","factor",4690,108,FALSE,0.0312999904234375,0.0207362751762453,0.0417333205645834,0.0276483669016605,0.0312999904234375,0.0417333205645834
"aki1_48h__alb_cat__factor","treated:modifierlow",0.0588677820542447,-0.012529026891939,0.130264591000428,0.10611703418703,"RD","aki1_48h","alb_cat","factor",4690,108,FALSE,0.0312999904234375,0.0207362751762453,0.0417333205645834,0.0276483669016605,0.0207362751762453,0.0276483669016605
"aki1_48h__alb_cat__factor","treated:modifiermissing",-0.0325490108705997,-0.0715973704904168,0.00649934874921752,0.102340612797965,"RD","aki1_48h","alb_cat","factor",4690,108,FALSE,0.0312999904234375,0.0207362751762453,0.0417333205645834,0.0276483669016605,0.0207362751762453,0.0276483669016605
"aki1_48h__baseline_cr__linear","treated:modifier",3.10974519797473,2.39822759102395,4.03235924418582,1.13930395962683e-17,"OR","aki1_48h","baseline_cr","linear",4690,191,FALSE,1.13930395962685e-17,1.93107530831242e-23,3.41791187888056e-17,6.62082962849974e-23,1.13930395962685e-17,3.41791187888056e-17
"aki1_48h__baseline_cr__linear","treated:modifier",0.254244539532842,0.204295364991393,0.304193714074292,2.52343494152022e-23,"RD","aki1_48h","baseline_cr","linear",4690,191,FALSE,1.13930395962685e-17,1.93107530831242e-23,3.41791187888056e-17,6.62082962849974e-23,1.93107530831242e-23,6.62082962849974e-23
"aki1_48h__baseline_cr__quartile","treated:modifierQ2",0.718707828436717,0.572511030344609,0.902237538279921,0.00441847954027953,"OR","aki1_48h","baseline_cr","quartile",4690,191,FALSE,8.68542244364243e-24,1.00439074554064e-29,3.47416897745697e-23,4.01756298216257e-29,8.68542244364243e-24,3.47416897745697e-23
"aki1_48h__baseline_cr__quartile","treated:modifierQ3",1.16071809758267,0.895122709355578,1.50511934059393,0.260909345149528,"OR","aki1_48h","baseline_cr","quartile",4690,191,FALSE,8.68542244364243e-24,1.00439074554064e-29,3.47416897745697e-23,4.01756298216257e-29,8.68542244364243e-24,3.47416897745697e-23
"aki1_48h__baseline_cr__quartile","treated:modifierQ4",2.96495752669947,2.27691979338957,3.86090593118568,7.14965547225385e-16,"OR","aki1_48h","baseline_cr","quartile",4690,191,FALSE,8.68542244364243e-24,1.00439074554064e-29,3.47416897745697e-23,4.01756298216257e-29,8.68542244364243e-24,3.47416897745697e-23
"aki1_48h__baseline_cr__quartile","treated:modifierQ2",-0.0686744794885332,-0.114101131907793,-0.023247827069273,0.00305360809290681,"RD","aki1_48h","baseline_cr","quartile",4690,191,FALSE,8.68542244364243e-24,1.00439074554064e-29,3.47416897745697e-23,4.01756298216257e-29,1.00439074554064e-29,4.01756298216257e-29
"aki1_48h__baseline_cr__quartile","treated:modifierQ3",0.0302708723984928,-0.0228853896303625,0.0834271344273481,0.264382136480579,"RD","aki1_48h","baseline_cr","quartile",4690,191,FALSE,8.68542244364243e-24,1.00439074554064e-29,3.47416897745697e-23,4.01756298216257e-29,1.00439074554064e-29,4.01756298216257e-29
"aki1_48h__baseline_cr__quartile","treated:modifierQ4",0.255281158496504,0.200279704418106,0.310282612574903,1.11790098827412e-19,"RD","aki1_48h","baseline_cr","quartile",4690,191,FALSE,8.68542244364243e-24,1.00439074554064e-29,3.47416897745697e-23,4.01756298216257e-29,1.00439074554064e-29,4.01756298216257e-29
"aki1_48h__ckd__factor","treated:modifier1",4.21205624771985,3.29110414646599,5.39071905488214,3.20782920788913e-30,"OR","aki1_48h","ckd","factor",4690,171,FALSE,3.20782920788919e-30,2.36145622928777e-39,2.56626336631135e-29,2.83374747514532e-38,3.20782920788919e-30,2.56626336631135e-29
"aki1_48h__ckd__factor","treated:modifier1",0.337345008507595,0.286968937339963,0.387721079675227,5.20752804449772e-39,"RD","aki1_48h","ckd","factor",4690,171,FALSE,3.20782920788919e-30,2.36145622928777e-39,2.56626336631135e-29,2.83374747514532e-38,2.36145622928777e-39,2.83374747514532e-38
"aki1_48h__diabetes__factor","treated:modifier1",1.55346186089425,1.2867779459508,1.8754158484352,4.56383609137213e-06,"OR","aki1_48h","diabetes","factor",4690,391,FALSE,4.56383609137213e-06,3.73459585066827e-07,8.42554355330239e-06,6.89463849354143e-07,4.56383609137213e-06,8.42554355330239e-06
"aki1_48h__diabetes__factor","treated:modifier1",0.102829271304429,0.0631706857892528,0.142487856819604,3.80664251707623e-07,"RD","aki1_48h","diabetes","factor",4690,391,FALSE,4.56383609137213e-06,3.73459585066827e-07,8.42554355330239e-06,6.89463849354143e-07,3.73459585066827e-07,6.89463849354143e-07
"aki1_48h__egfr__linear","treated:modifier",0.422829655533716,0.370794809470755,0.482166721411081,8.8839512061079e-38,"OR","aki1_48h","egfr","linear",4690,263,FALSE,8.88395120610787e-38,5.35969173143648e-48,2.13214828946589e-36,1.28632601554475e-46,8.88395120610787e-38,2.13214828946589e-36
"aki1_48h__egfr__linear","treated:modifier",-0.190815114992839,-0.21650904709121,-0.165121182894467,1.76241570834368e-47,"RD","aki1_48h","egfr","linear",4690,263,FALSE,8.88395120610787e-38,5.35969173143648e-48,2.13214828946589e-36,1.28632601554475e-46,5.35969173143648e-48,1.28632601554475e-46
"aki1_48h__egfr__quartile","treated:modifierQ2",0.513936493604493,0.398526801143458,0.662767770450153,2.89754800366265e-07,"OR","aki1_48h","egfr","quartile",4690,263,FALSE,3.89130684774484e-32,1.14380477375848e-38,4.66956821729381e-31,9.15043819006787e-38,3.89130684774484e-32,4.66956821729381e-31
"aki1_48h__egfr__quartile","treated:modifierQ3",0.27954119546393,0.217287356683318,0.359631048737419,3.53288882503117e-23,"OR","aki1_48h","egfr","quartile",4690,263,FALSE,3.89130684774484e-32,1.14380477375848e-38,4.66956821729381e-31,9.15043819006787e-38,3.89130684774484e-32,4.66956821729381e-31
"aki1_48h__egfr__quartile","treated:modifierQ4",0.241204163734663,0.186335559370095,0.312229446701493,3.45411200899958e-27,"OR","aki1_48h","egfr","quartile",4690,263,FALSE,3.89130684774484e-32,1.14380477375848e-38,4.66956821729381e-31,9.15043819006787e-38,3.89130684774484e-32,4.66956821729381e-31
"aki1_48h__egfr__quartile","treated:modifierQ2",-0.168015736587786,-0.220339982317724,-0.115691490857849,3.23962980806839e-10,"RD","aki1_48h","egfr","quartile",4690,263,FALSE,3.89130684774484e-32,1.14380477375848e-38,4.66956821729381e-31,9.15043819006787e-38,1.14380477375848e-38,9.15043819006787e-38
"aki1_48h__egfr__quartile","treated:modifierQ3",-0.2911951014443,-0.343819171770092,-0.238571031118507,3.03454497900709e-27,"RD","aki1_48h","egfr","quartile",4690,263,FALSE,3.89130684774484e-32,1.14380477375848e-38,4.66956821729381e-31,9.15043819006787e-38,1.14380477375848e-38,9.15043819006787e-38
"aki1_48h__egfr__quartile","treated:modifierQ4",-0.319228930039527,-0.37062464736514,-0.267833212713915,7.70069358215229e-34,"RD","aki1_48h","egfr","quartile",4690,263,FALSE,3.89130684774484e-32,1.14380477375848e-38,4.66956821729381e-31,9.15043819006787e-38,1.14380477375848e-38,9.15043819006787e-38
"aki1_48h__heart_failure__factor","treated:modifier1",1.75978471887144,1.43953754544413,2.1512757805966,3.48981134448812e-08,"OR","aki1_48h","heart_failure","factor",4690,296,FALSE,3.48981134448811e-08,3.64651662325846e-09,7.61413384251952e-08,7.95603626892756e-09,3.48981134448811e-08,7.61413384251952e-08
"aki1_48h__heart_failure__factor","treated:modifier1",0.125993085970685,0.0841340578061405,0.167852114135229,3.77281604964534e-09,"RD","aki1_48h","heart_failure","factor",4690,296,FALSE,3.48981134448811e-08,3.64651662325846e-09,7.61413384251952e-08,7.95603626892756e-09,3.64651662325846e-09,7.95603626892756e-09
"aki1_48h__hemoglobin__linear","treated:modifier",0.758410730197774,0.713093531576598,0.806607843444358,1.40645753251529e-18,"OR","aki1_48h","hemoglobin","linear",4684,231,FALSE,1.4064575325153e-18,6.19305045529055e-22,4.82214011148103e-18,1.85791513658717e-21,1.4064575325153e-18,4.82214011148103e-18
"aki1_48h__hemoglobin__linear","treated:modifier",-0.0597785534380957,-0.0719500210031591,-0.0476070858730322,7.81525275133487e-22,"RD","aki1_48h","hemoglobin","linear",4684,231,FALSE,1.4064575325153e-18,6.19305045529055e-22,4.82214011148103e-18,1.85791513658717e-21,6.19305045529055e-22,1.85791513658717e-21
"aki1_48h__hemoglobin__quartile","treated:modifierQ2",0.641826249200628,0.505287007143821,0.815261283862172,0.000279433900430315,"OR","aki1_48h","hemoglobin","quartile",4684,231,FALSE,5.79012124625291e-16,4.58222663510047e-19,1.54403233233411e-15,1.22192710269346e-18,5.79012124625291e-16,1.54403233233411e-15
"aki1_48h__hemoglobin__quartile","treated:modifierQ3",0.478195788729384,0.373618200903134,0.612045162162226,4.65180020012378e-09,"OR","aki1_48h","hemoglobin","quartile",4684,231,FALSE,5.79012124625291e-16,4.58222663510047e-19,1.54403233233411e-15,1.22192710269346e-18,5.79012124625291e-16,1.54403233233411e-15
"aki1_48h__hemoglobin__quartile","treated:modifierQ4",0.33390535694296,0.256330492628136,0.434957176776274,4.23583962466162e-16,"OR","aki1_48h","hemoglobin","quartile",4684,231,FALSE,5.79012124625291e-16,4.58222663510047e-19,1.54403233233411e-15,1.22192710269346e-18,5.79012124625291e-16,1.54403233233411e-15
"aki1_48h__hemoglobin__quartile","treated:modifierQ2",-0.100691369345673,-0.151123927224367,-0.050258811466978,9.17079680508975e-05,"RD","aki1_48h","hemoglobin","quartile",4684,231,FALSE,5.79012124625291e-16,4.58222663510047e-19,1.54403233233411e-15,1.22192710269346e-18,4.58222663510047e-19,1.22192710269346e-18
"aki1_48h__hemoglobin__quartile","treated:modifierQ3",-0.165231876332622,-0.216651344959191,-0.113812407706054,3.14495227330789e-10,"RD","aki1_48h","hemoglobin","quartile",4684,231,FALSE,5.79012124625291e-16,4.58222663510047e-19,1.54403233233411e-15,1.22192710269346e-18,4.58222663510047e-19,1.22192710269346e-18
"aki1_48h__hemoglobin__quartile","treated:modifierQ4",-0.237160701054,-0.288742794501805,-0.185578607606196,2.43076702053325e-19,"RD","aki1_48h","hemoglobin","quartile",4684,231,FALSE,5.79012124625291e-16,4.58222663510047e-19,1.54403233233411e-15,1.22192710269346e-18,4.58222663510047e-19,1.22192710269346e-18
"aki1_48h__hypertension__factor","treated:modifier1",1.74745040777013,1.40242168091281,2.17736431857532,6.57059145559468e-07,"OR","aki1_48h","hypertension","factor",4690,266,FALSE,6.57059145559468e-07,4.13569411006822e-08,1.31411829111894e-06,8.27138822013643e-08,6.57059145559468e-07,1.31411829111894e-06
"aki1_48h__hypertension__factor","treated:modifier1",0.120274725274725,0.0772956370781085,0.163253813471342,4.24319988426379e-08,"RD","aki1_48h","hypertension","factor",4690,266,FALSE,6.57059145559468e-07,4.13569411006822e-08,1.31411829111894e-06,8.27138822013643e-08,4.13569411006822e-08,8.27138822013643e-08
"aki1_48h__lactate__linear","treated:modifier",1.02831051424578,0.964673293495057,1.0961457322793,0.391704776272356,"OR","aki1_48h","lactate","linear",4491,251,FALSE,0.391704776272356,0.220755955753568,0.40873541871898,0.240824679003892,0.391704776272356,0.40873541871898
"aki1_48h__lactate__linear","treated:modifier",0.00889048624573883,-0.00533986246677407,0.0231208349582517,0.220788084702601,"RD","aki1_48h","lactate","linear",4491,251,FALSE,0.391704776272356,0.220755955753568,0.40873541871898,0.240824679003892,0.220755955753568,0.240824679003892
"aki1_48h__lactate__quartile","treated:modifierQ2",0.899927637967249,0.70061003787576,1.15594940094325,0.409111322154861,"OR","aki1_48h","lactate","quartile",4491,251,FALSE,0.376474690320655,0.353661049559965,0.40873541871898,0.369037616932137,0.376474690320655,0.40873541871898
"aki1_48h__lactate__quartile","treated:modifierQ3",0.807147063301388,0.617774616328717,1.05456968379128,0.116294422765489,"OR","aki1_48h","lactate","quartile",4491,251,FALSE,0.376474690320655,0.353661049559965,0.40873541871898,0.369037616932137,0.376474690320655,0.40873541871898
"aki1_48h__lactate__quartile","treated:modifierQ4",0.983993543408633,0.762072906363218,1.27053892794923,0.901516993961905,"OR","aki1_48h","lactate","quartile",4491,251,FALSE,0.376474690320655,0.353661049559965,0.40873541871898,0.369037616932137,0.376474690320655,0.40873541871898
"aki1_48h__lactate__quartile","treated:modifierQ2",-0.0186198298030132,-0.069304843561757,0.0320651839557306,0.471523625575267,"RD","aki1_48h","lactate","quartile",4491,251,FALSE,0.376474690320655,0.353661049559965,0.40873541871898,0.369037616932137,0.353661049559965,0.369037616932137
"aki1_48h__lactate__quartile","treated:modifierQ3",-0.0405922211466745,-0.0952073573789183,0.0140229150855693,0.145219611937067,"RD","aki1_48h","lactate","quartile",4491,251,FALSE,0.376474690320655,0.353661049559965,0.40873541871898,0.369037616932137,0.353661049559965,0.369037616932137
"aki1_48h__lactate__quartile","treated:modifierQ4",0.00619885446274577,-0.0469279075727954,0.059325616498287,0.819112217855923,"RD","aki1_48h","lactate","quartile",4491,251,FALSE,0.376474690320655,0.353661049559965,0.40873541871898,0.369037616932137,0.353661049559965,0.369037616932137
"aki1_48h__map__linear","treated:modifier",0.923328934366309,0.852918043311295,0.999552451403434,0.048716884472254,"OR","aki1_48h","map","linear",4672,270,FALSE,0.048716884472254,0.0339341647887585,0.0615371172281103,0.0428642081542212,0.048716884472254,0.0615371172281103
"aki1_48h__map__linear","treated:modifier",-0.0176534848617739,-0.0339680660061835,-0.00133890371736442,0.033960440534733,"RD","aki1_48h","map","linear",4672,270,FALSE,0.048716884472254,0.0339341647887585,0.0615371172281103,0.0428642081542212,0.0339341647887585,0.0428642081542212
"aki1_48h__map__quartile","treated:modifierQ2",0.798240831958192,0.620790787156894,1.02641411404237,0.0789600055425726,"OR","aki1_48h","map","quartile",4672,270,FALSE,0.0200797023992523,0.0120251164564764,0.0283478151518856,0.0169766349973785,0.0200797023992523,0.0283478151518856
"aki1_48h__map__quartile","treated:modifierQ3",0.742701345611912,0.576016728001347,0.957620259897131,0.0217933832479781,"OR","aki1_48h","map","quartile",4672,270,FALSE,0.0200797023992523,0.0120251164564764,0.0283478151518856,0.0169766349973785,0.0200797023992523,0.0283478151518856
"aki1_48h__map__quartile","treated:modifierQ4",0.689271186531534,0.539353797005337,0.880859226764446,0.00294164305520116,"OR","aki1_48h","map","quartile",4672,270,FALSE,0.0200797023992523,0.0120251164564764,0.0283478151518856,0.0169766349973785,0.0200797023992523,0.0283478151518856
"aki1_48h__map__quartile","treated:modifierQ2",-0.0491398423624735,-0.101669281225926,0.0033895965009791,0.0667562060464143,"RD","aki1_48h","map","quartile",4672,270,FALSE,0.0200797023992523,0.0120251164564764,0.0283478151518856,0.0169766349973785,0.0120251164564764,0.0169766349973785
"aki1_48h__map__quartile","treated:modifierQ3",-0.0672603153294426,-0.119487605089789,-0.0150330255690959,0.0116138406224775,"RD","aki1_48h","map","quartile",4672,270,FALSE,0.0200797023992523,0.0120251164564764,0.0283478151518856,0.0169766349973785,0.0120251164564764,0.0169766349973785
"aki1_48h__map__quartile","treated:modifierQ4",-0.0808065139488844,-0.131926097419571,-0.0296869304781974,0.00195251486433565,"RD","aki1_48h","map","quartile",4672,270,FALSE,0.0200797023992523,0.0120251164564764,0.0283478151518856,0.0169766349973785,0.0120251164564764,0.0169766349973785
"aki1_48h__sex__factor","treated:modifier1",1.43994274549595,1.19024712519393,1.74202068328337,0.000175125804462741,"OR","aki1_48h","sex","factor",4690,370,FALSE,0.000175125804462741,4.46262076900763e-05,0.000280201287140385,7.1401932304122e-05,0.000175125804462741,0.000280201287140385
"aki1_48h__sex__factor","treated:modifier1",0.0830980681562434,0.0431991669807606,0.122996969331726,4.4996583920601e-05,"RD","aki1_48h","sex","factor",4690,370,FALSE,0.000175125804462741,4.46262076900763e-05,0.000280201287140385,7.1401932304122e-05,4.46262076900763e-05,7.1401932304122e-05
"aki1_48h__surg_aortic__factor","treated:modifier1",1.03073937807003,0.753846415430784,1.40933702642476,0.849555743419204,"OR","aki1_48h","surg_aortic","factor",4690,109,FALSE,0.849555743419204,0.730579226906012,0.849555743419204,0.730579226906012,0.849555743419204,0.849555743419204
"aki1_48h__surg_aortic__factor","treated:modifier1",0.0118730758380452,-0.0557060785030717,0.079452230179162,0.730586949807215,"RD","aki1_48h","surg_aortic","factor",4690,109,FALSE,0.849555743419204,0.730579226906012,0.849555743419204,0.730579226906012,0.730579226906012,0.730579226906012
"aki1_48h__surg_cabg__factor","treated:modifier1",0.759506610696748,0.609521825601028,0.946398090213175,0.0142526345296584,"OR","aki1_48h","surg_cabg","factor",4690,253,FALSE,0.0142526345296585,0.00709742153193587,0.0213789517944877,0.0106461322979038,0.0142526345296585,0.0213789517944877
"aki1_48h__surg_cabg__factor","treated:modifier1",-0.061075246470183,-0.105539172141196,-0.0166113207991702,0.00711002787854376,"RD","aki1_48h","surg_cabg","factor",4690,253,FALSE,0.0142526345296585,0.00709742153193587,0.0213789517944877,0.0106461322979038,0.00709742153193587,0.0106461322979038
"aki1_48h__surg_combined__factor","treated:modifier1",1.93523597646745,1.40680263564126,2.66216325569137,4.95522693151567e-05,"OR","aki1_48h","surg_combined","factor",4690,90,FALSE,4.95522693151566e-05,1.21960092707635e-05,8.49467473974113e-05,2.0907444464166e-05,4.95522693151566e-05,8.49467473974113e-05
"aki1_48h__surg_combined__factor","treated:modifier1",0.147284201036736,0.0812866110158333,0.213281791057638,1.23277932489529e-05,"RD","aki1_48h","surg_combined","factor",4690,90,FALSE,4.95522693151566e-05,1.21960092707635e-05,8.49467473974113e-05,2.0907444464166e-05,1.21960092707635e-05,2.0907444464166e-05
"aki1_48h__surg_valve__factor","treated:modifier1",1.15041861808929,0.888664803117973,1.48927131152597,0.287392955483342,"OR","aki1_48h","surg_valve","factor",4690,165,FALSE,0.287392955483343,0.20157940747646,0.328449091980963,0.230376465687383,0.287392955483343,0.328449091980963
"aki1_48h__surg_valve__factor","treated:modifier1",0.0361031376135131,-0.0193068584014458,0.091513133628472,0.201611031875506,"RD","aki1_48h","surg_valve","factor",4690,165,FALSE,0.287392955483343,0.20157940747646,0.328449091980963,0.230376465687383,0.20157940747646,0.230376465687383
"aki1_48h__vaso_at_t0__factor","treated:modifier1",1.12662939703861,0.941334806412668,1.34839781725348,0.193412775511806,"OR","aki1_48h","vaso_at_t0","factor",4690,520,FALSE,0.193412775511806,0.155269411456743,0.232095330614167,0.186323293748092,0.193412775511806,0.232095330614167
"aki1_48h__vaso_at_t0__factor","treated:modifier1",0.0269658102623835,-0.0102241477831001,0.0641557683078672,0.155302668737004,"RD","aki1_48h","vaso_at_t0","factor",4690,520,FALSE,0.193412775511806,0.155269411456743,0.232095330614167,0.186323293748092,0.155269411456743,0.186323293748092
"aki1_48h__vent_at_t0__factor","treated:modifier1",1.80482917577294,1.50203635311267,2.16866146213499,2.93957625829461e-10,"OR","aki1_48h","vent_at_t0","factor",4690,481,FALSE,2.93957625829462e-10,1.17457030477118e-12,7.05498301990709e-10,2.81896873145083e-12,2.93957625829462e-10,7.05498301990709e-10
"aki1_48h__vent_at_t0__factor","treated:modifier1",0.133581835450978,0.0967489273361598,0.170414743565795,1.26036181183486e-12,"RD","aki1_48h","vent_at_t0","factor",4690,481,FALSE,2.93957625829462e-10,1.17457030477118e-12,7.05498301990709e-10,2.81896873145083e-12,1.17457030477118e-12,2.81896873145083e-12
"aki1_7d__age__linear","treated:modifier",1.56074177284615,1.43219246078309,1.70082928671126,3.2840188172614e-24,"OR","aki1_7d","age","linear",4202,251,FALSE,3.28401881726137e-24,9.66868297016121e-29,2.6272150538091e-23,7.73494637612897e-28,3.28401881726137e-24,2.6272150538091e-23
"aki1_7d__age__linear","treated:modifier",0.0984397881197947,0.0810939565118766,0.115785619727713,1.52923663421887e-28,"RD","aki1_7d","age","linear",4202,251,FALSE,3.28401881726137e-24,9.66868297016121e-29,2.6272150538091e-23,7.73494637612897e-28,9.66868297016121e-29,7.73494637612897e-28
"aki1_7d__age__quartile","treated:modifierQ2",1.53891755954843,1.19584675042734,1.98041032786199,0.00080855052889308,"OR","aki1_7d","age","quartile",4202,251,FALSE,3.54702155013016e-22,1.17389833173796e-26,1.59345430793051e-21,5.63471199234223e-26,3.54702155013016e-22,1.59345430793051e-21
"aki1_7d__age__quartile","treated:modifierQ3",1.91601185256948,1.48230559411363,2.47661577596754,6.83862302900733e-07,"OR","aki1_7d","age","quartile",4202,251,FALSE,3.54702155013016e-22,1.17389833173796e-26,1.59345430793051e-21,5.63471199234223e-26,3.54702155013016e-22,1.59345430793051e-21
"aki1_7d__age__quartile","treated:modifierQ4",3.84729814336817,2.95319405843467,5.01209968294795,1.77459274697927e-23,"OR","aki1_7d","age","quartile",4202,251,FALSE,3.54702155013016e-22,1.17389833173796e-26,1.59345430793051e-21,5.63471199234223e-26,3.54702155013016e-22,1.59345430793051e-21
"aki1_7d__age__quartile","treated:modifierQ2",0.0925405080640618,0.0395608461648817,0.145520169963242,0.000621004551891785,"RD","aki1_7d","age","quartile",4202,251,FALSE,3.54702155013016e-22,1.17389833173796e-26,1.59345430793051e-21,5.63471199234223e-26,1.17389833173796e-26,5.63471199234223e-26
"aki1_7d__age__quartile","treated:modifierQ3",0.147244830111183,0.0918094117757459,0.202680248446621,1.97466763196464e-07,"RD","aki1_7d","age","quartile",4202,251,FALSE,3.54702155013016e-22,1.17389833173796e-26,1.59345430793051e-21,5.63471199234223e-26,1.17389833173796e-26,5.63471199234223e-26
"aki1_7d__age__quartile","treated:modifierQ4",0.315440630925229,0.259003489239505,0.371877772610953,9.69409314210479e-28,"RD","aki1_7d","age","quartile",4202,251,FALSE,3.54702155013016e-22,1.17389833173796e-26,1.59345430793051e-21,5.63471199234223e-26,1.17389833173796e-26,5.63471199234223e-26
"aki1_7d__alb_cat__factor","treated:modifierlow",1.28664705849042,0.905418464955212,1.82839285611868,0.159781129691302,"OR","aki1_7d","alb_cat","factor",4202,101,FALSE,0.0395744443731575,0.0288877489517235,0.0499887718397779,0.0364897881495454,0.0395744443731575,0.0499887718397779
"aki1_7d__alb_cat__factor","treated:modifiermissing",0.859143301293561,0.707782615250608,1.04287276383052,0.124675787124947,"OR","aki1_7d","alb_cat","factor",4202,101,FALSE,0.0395744443731575,0.0288877489517235,0.0499887718397779,0.0364897881495454,0.0395744443731575,0.0499887718397779
"aki1_7d__alb_cat__factor","treated:modifierlow",0.0687760493770924,-0.0112251922213601,0.148777290975545,0.0920282232486756,"RD","aki1_7d","alb_cat","factor",4202,101,FALSE,0.0395744443731575,0.0288877489517235,0.0499887718397779,0.0364897881495454,0.0288877489517235,0.0364897881495454
"aki1_7d__alb_cat__factor","treated:modifiermissing",-0.0311888562374817,-0.073715577252504,0.0113378647775405,0.150626605640467,"RD","aki1_7d","alb_cat","factor",4202,101,FALSE,0.0395744443731575,0.0288877489517235,0.0499887718397779,0.0364897881495454,0.0288877489517235,0.0364897881495454
"aki1_7d__baseline_cr__linear","treated:modifier",2.49316167906086,1.92048888267967,3.23660043752222,6.83192748678112e-12,"OR","aki1_7d","baseline_cr","linear",4202,190,FALSE,6.83192748678111e-12,1.30708834898283e-14,1.63966259682747e-11,3.1370120375588e-14,6.83192748678111e-12,1.63966259682747e-11
"aki1_7d__baseline_cr__linear","treated:modifier",0.212166165359715,0.158196198046216,0.266136132673214,1.45602029513849e-14,"RD","aki1_7d","baseline_cr","linear",4202,190,FALSE,6.83192748678111e-12,1.30708834898283e-14,1.63966259682747e-11,3.1370120375588e-14,1.30708834898283e-14,3.1370120375588e-14
"aki1_7d__baseline_cr__quartile","treated:modifierQ2",0.574856816708033,0.456582212934883,0.723769674669353,2.46851600957065e-06,"OR","aki1_7d","baseline_cr","quartile",4202,190,FALSE,3.98363576982628e-22,3.8900050712348e-26,1.59345430793051e-21,1.55600202849392e-25,3.98363576982628e-22,1.59345430793051e-21
"aki1_7d__baseline_cr__quartile","treated:modifierQ3",0.969845451240536,0.744144376164272,1.26400229501206,0.820776950232496,"OR","aki1_7d","baseline_cr","quartile",4202,190,FALSE,3.98363576982628e-22,3.8900050712348e-26,1.59345430793051e-21,1.55600202849392e-25,3.98363576982628e-22,1.59345430793051e-21
"aki1_7d__baseline_cr__quartile","treated:modifierQ4",2.40112881716819,1.82916313390495,3.15194390799215,2.78949364064793e-10,"OR","aki1_7d","baseline_cr","quartile",4202,190,FALSE,3.98363576982628e-22,3.8900050712348e-26,1.59345430793051e-21,1.55600202849392e-25,3.98363576982628e-22,1.59345430793051e-21
"aki1_7d__baseline_cr__quartile","treated:modifierQ2",-0.124625078341839,-0.174675820994453,-0.0745743356892245,1.07848409438386e-06,"RD","aki1_7d","baseline_cr","quartile",4202,190,FALSE,3.98363576982628e-22,3.8900050712348e-26,1.59345430793051e-21,1.55600202849392e-25,3.8900050712348e-26,1.55600202849392e-25
"aki1_7d__baseline_cr__quartile","treated:modifierQ3",-0.0104352346999404,-0.0686281807595139,0.0477577113596332,0.725244784772493,"RD","aki1_7d","baseline_cr","quartile",4202,190,FALSE,3.98363576982628e-22,3.8900050712348e-26,1.59345430793051e-21,1.55600202849392e-25,3.8900050712348e-26,1.55600202849392e-25
"aki1_7d__baseline_cr__quartile","treated:modifierQ4",0.208040281329923,0.148506149813824,0.267574412846023,7.95139662659876e-12,"RD","aki1_7d","baseline_cr","quartile",4202,190,FALSE,3.98363576982628e-22,3.8900050712348e-26,1.59345430793051e-21,1.55600202849392e-25,3.8900050712348e-26,1.55600202849392e-25
"aki1_7d__ckd__factor","treated:modifier1",3.91808833547308,3.03636803887179,5.05584830562051,8.74825103489161e-26,"OR","aki1_7d","ckd","factor",4202,177,FALSE,8.74825103489165e-26,3.37955149165389e-32,1.049790124187e-24,4.05546178998467e-31,8.74825103489165e-26,1.049790124187e-24
"aki1_7d__ckd__factor","treated:modifier1",0.325499924535682,0.271489283788669,0.379510565282696,6.04363174964272e-32,"RD","aki1_7d","ckd","factor",4202,177,FALSE,8.74825103489165e-26,3.37955149165389e-32,1.049790124187e-24,4.05546178998467e-31,3.37955149165389e-32,4.05546178998467e-31
"aki1_7d__diabetes__factor","treated:modifier1",1.4346411091904,1.1842203994773,1.73801693763045,0.00022637751969516,"OR","aki1_7d","diabetes","factor",4202,414,FALSE,0.00022637751969516,5.25451055490884e-05,0.000362204031512256,8.40721688785414e-05,0.00022637751969516,0.000362204031512256
"aki1_7d__diabetes__factor","treated:modifier1",0.0886581658535845,0.0456884186758092,0.13162791303136,5.30149688524341e-05,"RD","aki1_7d","diabetes","factor",4202,414,FALSE,0.00022637751969516,5.25451055490884e-05,0.000362204031512256,8.40721688785414e-05,5.25451055490884e-05,8.40721688785414e-05
"aki1_7d__egfr__linear","treated:modifier",0.472454276976181,0.413218093550937,0.540182163648579,5.31184042907198e-28,"OR","aki1_7d","egfr","linear",4202,277,FALSE,5.31184042907191e-28,1.27838482340317e-33,1.27484170297726e-26,3.06812357616761e-32,5.31184042907191e-28,1.27484170297726e-26
"aki1_7d__egfr__linear","treated:modifier",-0.173485428799554,-0.201623686907089,-0.145347170692018,2.4147507327941e-33,"RD","aki1_7d","egfr","linear",4202,277,FALSE,5.31184042907191e-28,1.27838482340317e-33,1.27484170297726e-26,3.06812357616761e-32,1.27838482340317e-33,3.06812357616761e-32
"aki1_7d__egfr__quartile","treated:modifierQ2",0.499065969082023,0.384549958514638,0.647683964023358,1.73215586848321e-07,"OR","aki1_7d","egfr","quartile",4202,277,FALSE,1.55712286006023e-23,1.8892520844278e-27,9.34273716036136e-23,1.13355125065668e-26,1.55712286006023e-23,9.34273716036136e-23
"aki1_7d__egfr__quartile","treated:modifierQ3",0.302593624685675,0.233351702015055,0.392381546437179,1.93980496043225e-19,"OR","aki1_7d","egfr","quartile",4202,277,FALSE,1.55712286006023e-23,1.8892520844278e-27,9.34273716036136e-23,1.13355125065668e-26,1.55712286006023e-23,9.34273716036136e-23
"aki1_7d__egfr__quartile","treated:modifierQ4",0.298080449970641,0.229205539375808,0.387651864333947,1.72946113530607e-19,"OR","aki1_7d","egfr","quartile",4202,277,FALSE,1.55712286006023e-23,1.8892520844278e-27,9.34273716036136e-23,1.13355125065668e-26,1.55712286006023e-23,9.34273716036136e-23
"aki1_7d__egfr__quartile","treated:modifierQ2",-0.172192131255903,-0.229197141804286,-0.11518712070752,3.3363272727485e-09,"RD","aki1_7d","egfr","quartile",4202,277,FALSE,1.55712286006023e-23,1.8892520844278e-27,9.34273716036136e-23,1.13355125065668e-26,1.8892520844278e-27,1.13355125065668e-26
"aki1_7d__egfr__quartile","treated:modifierQ3",-0.282096867416331,-0.339471533857441,-0.22472220097522,7.25113406633385e-22,"RD","aki1_7d","egfr","quartile",4202,277,FALSE,1.55712286006023e-23,1.8892520844278e-27,9.34273716036136e-23,1.13355125065668e-26,1.8892520844278e-27,1.13355125065668e-26
"aki1_7d__egfr__quartile","treated:modifierQ4",-0.28607899855964,-0.34237452863188,-0.229783468487401,3.06187554399896e-23,"RD","aki1_7d","egfr","quartile",4202,277,FALSE,1.55712286006023e-23,1.8892520844278e-27,9.34273716036136e-23,1.13355125065668e-26,1.8892520844278e-27,1.13355125065668e-26
"aki1_7d__heart_failure__factor","treated:modifier1",1.86932968094421,1.51931196953876,2.29998415474858,3.33581252851265e-09,"OR","aki1_7d","heart_failure","factor",4202,296,FALSE,3.33581252851265e-09,3.65518111252494e-10,7.27813642584578e-09,7.97494060914533e-10,3.33581252851265e-09,7.27813642584578e-09
"aki1_7d__heart_failure__factor","treated:modifier1",0.146597753142958,0.100757332678244,0.192438173607672,3.83531783996638e-10,"RD","aki1_7d","heart_failure","factor",4202,296,FALSE,3.33581252851265e-09,3.65518111252494e-10,7.27813642584578e-09,7.97494060914533e-10,3.65518111252494e-10,7.97494060914533e-10
"aki1_7d__hemoglobin__linear","treated:modifier",0.741830537892696,0.69556637846062,0.79117186222842,9.93428095948401e-20,"OR","aki1_7d","hemoglobin","linear",4197,212,FALSE,9.93428095948416e-20,8.91921645296018e-23,3.40603918610886e-19,3.05801706958635e-22,9.93428095948416e-20,3.40603918610886e-19
"aki1_7d__hemoglobin__linear","treated:modifier",-0.0679126186376962,-0.0814626503354335,-0.0543625869399589,1.18138950254168e-22,"RD","aki1_7d","hemoglobin","linear",4197,212,FALSE,9.93428095948416e-20,8.91921645296018e-23,3.40603918610886e-19,3.05801706958635e-22,8.91921645296018e-23,3.05801706958635e-22
"aki1_7d__hemoglobin__quartile","treated:modifierQ2",0.615377558626707,0.483589487315669,0.783080587138926,7.8600433820794e-05,"OR","aki1_7d","hemoglobin","quartile",4197,212,FALSE,2.25128920030874e-17,4.63692443847176e-20,6.75386760092622e-17,1.39107733154153e-19,2.25128920030874e-17,6.75386760092622e-17
"aki1_7d__hemoglobin__quartile","treated:modifierQ3",0.4637198618237,0.361048669102089,0.59558759982297,1.76157074765235e-09,"OR","aki1_7d","hemoglobin","quartile",4197,212,FALSE,2.25128920030874e-17,4.63692443847176e-20,6.75386760092622e-17,1.39107733154153e-19,2.25128920030874e-17,6.75386760092622e-17
"aki1_7d__hemoglobin__quartile","treated:modifierQ4",0.305207679402015,0.232112302471026,0.401321802309858,1.9564754397908e-17,"OR","aki1_7d","hemoglobin","quartile",4197,212,FALSE,2.25128920030874e-17,4.63692443847176e-20,6.75386760092622e-17,1.39107733154153e-19,2.25128920030874e-17,6.75386760092622e-17
"aki1_7d__hemoglobin__quartile","treated:modifierQ2",-0.116549017644572,-0.170112553179447,-0.0629854821096966,2.02304909127656e-05,"RD","aki1_7d","hemoglobin","quartile",4197,212,FALSE,2.25128920030874e-17,4.63692443847176e-20,6.75386760092622e-17,1.39107733154153e-19,4.63692443847176e-20,1.39107733154153e-19
"aki1_7d__hemoglobin__quartile","treated:modifierQ3",-0.180841591268132,-0.236345885031186,-0.125337297505078,1.79356510949811e-10,"RD","aki1_7d","hemoglobin","quartile",4197,212,FALSE,2.25128920030874e-17,4.63692443847176e-20,6.75386760092622e-17,1.39107733154153e-19,4.63692443847176e-20,1.39107733154153e-19
"aki1_7d__hemoglobin__quartile","treated:modifierQ4",-0.270169654509238,-0.327497219510245,-0.212842089508232,3.16187640096264e-20,"RD","aki1_7d","hemoglobin","quartile",4197,212,FALSE,2.25128920030874e-17,4.63692443847176e-20,6.75386760092622e-17,1.39107733154153e-19,4.63692443847176e-20,1.39107733154153e-19
"aki1_7d__hypertension__factor","treated:modifier1",1.65471748559754,1.32672092204099,2.06380250107915,7.88784875390133e-06,"OR","aki1_7d","hypertension","factor",4202,280,FALSE,7.88784875390132e-06,1.6334194965558e-06,1.57756975078026e-05,3.26683899311159e-06,7.88784875390132e-06,1.57756975078026e-05
"aki1_7d__hypertension__factor","treated:modifier1",0.11573432449903,0.0684187672363047,0.163049881761756,1.66148815745578e-06,"RD","aki1_7d","hypertension","factor",4202,280,FALSE,7.88784875390132e-06,1.6334194965558e-06,1.57756975078026e-05,3.26683899311159e-06,1.6334194965558e-06,3.26683899311159e-06
"aki1_7d__lactate__linear","treated:modifier",1.04162666187411,0.973577826330126,1.11443181365051,0.236744324610782,"OR","aki1_7d","lactate","linear",4005,245,FALSE,0.236744324610782,0.155161174927846,0.270564942412323,0.177327057060396,0.236744324610782,0.270564942412323
"aki1_7d__lactate__linear","treated:modifier",0.0112539672162382,-0.00426289997962711,0.0267708344121035,0.155200126325177,"RD","aki1_7d","lactate","linear",4005,245,FALSE,0.236744324610782,0.155161174927846,0.270564942412323,0.177327057060396,0.155161174927846,0.177327057060396
"aki1_7d__lactate__quartile","treated:modifierQ2",0.942648057291544,0.731720802076372,1.21437761150704,0.647651957035538,"OR","aki1_7d","lactate","quartile",4005,245,FALSE,0.855359903328147,0.78943076937509,0.855359903328147,0.78943076937509,0.855359903328147,0.855359903328147
"aki1_7d__lactate__quartile","treated:modifierQ3",0.930997664793119,0.709012110516272,1.22248497450785,0.606914191485247,"OR","aki1_7d","lactate","quartile",4005,245,FALSE,0.855359903328147,0.78943076937509,0.855359903328147,0.78943076937509,0.855359903328147,0.855359903328147
"aki1_7d__lactate__quartile","treated:modifierQ4",1.03293616350184,0.796194029207185,1.34007173971441,0.807239646186883,"OR","aki1_7d","lactate","quartile",4005,245,FALSE,0.855359903328147,0.78943076937509,0.855359903328147,0.78943076937509,0.855359903328147,0.855359903328147
"aki1_7d__lactate__quartile","treated:modifierQ2",-0.0127868658365724,-0.0680501691871908,0.0424764375140459,0.65019649503212,"RD","aki1_7d","lactate","quartile",4005,245,FALSE,0.855359903328147,0.78943076937509,0.855359903328147,0.78943076937509,0.78943076937509,0.78943076937509
"aki1_7d__lactate__quartile","treated:modifierQ3",-0.0139126750119177,-0.0739235946919895,0.0460982446681541,0.649554703082918,"RD","aki1_7d","lactate","quartile",4005,245,FALSE,0.855359903328147,0.78943076937509,0.855359903328147,0.78943076937509,0.78943076937509,0.78943076937509
"aki1_7d__lactate__quartile","treated:modifierQ4",0.0133347127863805,-0.0448028707524077,0.0714722963251686,0.653043571300604,"RD","aki1_7d","lactate","quartile",4005,245,FALSE,0.855359903328147,0.78943076937509,0.855359903328147,0.78943076937509,0.78943076937509,0.78943076937509
"aki1_7d__map__linear","treated:modifier",0.9211740910897,0.850314528889242,0.997938618317392,0.044375231173218,"OR","aki1_7d","map","linear",4184,281,FALSE,0.044375231173218,0.0379524225471002,0.0532502774078616,0.0455429070565202,0.044375231173218,0.0532502774078616
"aki1_7d__map__linear","treated:modifier",-0.0187672361763144,-0.0364912153743499,-0.0010432569782788,0.0379829135116216,"RD","aki1_7d","map","linear",4184,281,FALSE,0.044375231173218,0.0379524225471002,0.0532502774078616,0.0455429070565202,0.0379524225471002,0.0455429070565202
"aki1_7d__map__quartile","treated:modifierQ2",0.777230993066656,0.599468612288424,1.0077058317988,0.0571627403355618,"OR","aki1_7d","map","quartile",4184,281,FALSE,0.0113571943820629,0.00866391618418209,0.0151429258427505,0.0115518882455761,0.0113571943820629,0.0151429258427505
"aki1_7d__map__quartile","treated:modifierQ3",0.711875395572171,0.547533153046036,0.925545012209382,0.0111564765480711,"OR","aki1_7d","map","quartile",4184,281,FALSE,0.0113571943820629,0.00866391618418209,0.0151429258427505,0.0115518882455761,0.0113571943820629,0.0151429258427505
"aki1_7d__map__quartile","treated:modifierQ4",0.667707957861399,0.518673878722463,0.859565008535932,0.00172253015262388,"OR","aki1_7d","map","quartile",4184,281,FALSE,0.0113571943820629,0.00866391618418209,0.0151429258427505,0.0115518882455761,0.0113571943820629,0.0151429258427505
"aki1_7d__map__quartile","treated:modifierQ2",-0.0541233607997371,-0.111975844573429,0.003729122973955,0.0667400056216724,"RD","aki1_7d","map","quartile",4184,281,FALSE,0.0113571943820629,0.00866391618418209,0.0151429258427505,0.0115518882455761,0.00866391618418209,0.0115518882455761
"aki1_7d__map__quartile","treated:modifierQ3",-0.0782197463419061,-0.135451759197682,-0.0209877334861299,0.00740404026399311,"RD","aki1_7d","map","quartile",4184,281,FALSE,0.0113571943820629,0.00866391618418209,0.0151429258427505,0.0115518882455761,0.00866391618418209,0.0115518882455761
"aki1_7d__map__quartile","treated:modifierQ4",-0.0902812785646853,-0.14612173483678,-0.0344408222925908,0.00153582797239531,"RD","aki1_7d","map","quartile",4184,281,FALSE,0.0113571943820629,0.00866391618418209,0.0151429258427505,0.0115518882455761,0.00866391618418209,0.0115518882455761
"aki1_7d__sex__factor","treated:modifier1",1.56036729173928,1.28264993772244,1.89821557193779,8.61223486386182e-06,"OR","aki1_7d","sex","factor",4202,370,FALSE,8.61223486386184e-06,1.96424420923632e-06,1.58995105178988e-05,3.62629700166705e-06,8.61223486386184e-06,1.58995105178988e-05
"aki1_7d__sex__factor","treated:modifier1",0.106025044080538,0.0623407705726437,0.149709317588433,1.99699733392674e-06,"RD","aki1_7d","sex","factor",4202,370,FALSE,8.61223486386184e-06,1.96424420923632e-06,1.58995105178988e-05,3.62629700166705e-06,1.96424420923632e-06,3.62629700166705e-06
"aki1_7d__surg_aortic__factor","treated:modifier1",1.10614434777911,0.796595999637477,1.5359797421535,0.546979094596917,"OR","aki1_7d","surg_aortic","factor",4202,104,FALSE,0.546979094596917,0.474912745116039,0.596704466833001,0.495561125338476,0.546979094596917,0.596704466833001
"aki1_7d__surg_aortic__factor","treated:modifier1",0.0272490379662455,-0.047498998667202,0.101997074599693,0.474932599980918,"RD","aki1_7d","surg_aortic","factor",4202,104,FALSE,0.546979094596917,0.474912745116039,0.596704466833001,0.495561125338476,0.474912745116039,0.495561125338476
"aki1_7d__surg_cabg__factor","treated:modifier1",0.735729425637585,0.588377655131794,0.919983590518512,0.00711529858443276,"OR","aki1_7d","surg_cabg","factor",4202,267,FALSE,0.00711529858443276,0.00500973775104999,0.0100451274133168,0.00707257094265881,0.00711529858443276,0.0100451274133168
"aki1_7d__surg_cabg__factor","treated:modifier1",-0.0703653365393921,-0.119508622452469,-0.0212220506263151,0.00502127149896481,"RD","aki1_7d","surg_cabg","factor",4202,267,FALSE,0.00711529858443276,0.00500973775104999,0.0100451274133168,0.00707257094265881,0.00500973775104999,0.00707257094265881
"aki1_7d__surg_combined__factor","treated:modifier1",2.21105318039517,1.55450984341569,3.14488595054092,1.01333387113378e-05,"OR","aki1_7d","surg_combined","factor",4202,74,FALSE,1.01333387113378e-05,2.97039293503891e-06,1.73714377908647e-05,5.09210217435242e-06,1.01333387113378e-05,1.73714377908647e-05
"aki1_7d__surg_combined__factor","treated:modifier1",0.177415636806045,0.10299977419859,0.251831499413501,3.01661806769386e-06,"RD","aki1_7d","surg_combined","factor",4202,74,FALSE,1.01333387113378e-05,2.97039293503891e-06,1.73714377908647e-05,5.09210217435242e-06,2.97039293503891e-06,5.09210217435242e-06
"aki1_7d__surg_valve__factor","treated:modifier1",1.07457722988012,0.823232841435839,1.4026605412909,0.596730182606438,"OR","aki1_7d","surg_valve","factor",4202,172,FALSE,0.596730182606438,0.46974245178661,0.622674973154544,0.495561125338476,0.596730182606438,0.622674973154544
"aki1_7d__surg_valve__factor","treated:modifier1",0.0225939144637349,-0.0386651598720184,0.0838529887994882,0.469762578427588,"RD","aki1_7d","surg_valve","factor",4202,172,FALSE,0.596730182606438,0.46974245178661,0.622674973154544,0.495561125338476,0.46974245178661,0.495561125338476
"aki1_7d__vaso_at_t0__factor","treated:modifier1",1.34745570113365,1.12252570378919,1.61745683006521,0.00137246353216958,"OR","aki1_7d","vaso_at_t0","factor",4202,576,FALSE,0.00137246353216958,0.00089946984438414,0.00205869529825437,0.00134920476657621,0.00137246353216958,0.00205869529825437
"aki1_7d__vaso_at_t0__factor","treated:modifier1",0.0685053948796526,0.0280651137399219,0.108945676019383,0.0009033031116401,"RD","aki1_7d","vaso_at_t0","factor",4202,576,FALSE,0.00137246353216958,0.00089946984438414,0.00205869529825437,0.00134920476657621,0.00089946984438414,0.00134920476657621
"aki1_7d__vent_at_t0__factor","treated:modifier1",2.05488275313119,1.70494216810258,2.47664889056926,3.98602715590531e-14,"OR","aki1_7d","vent_at_t0","factor",4202,515,FALSE,3.98602715590532e-14,2.40823884440694e-16,1.06294057490808e-13,6.42197025175184e-16,3.98602715590532e-14,1.06294057490808e-13
"aki1_7d__vent_at_t0__factor","treated:modifier1",0.168401145384649,0.128148092841026,0.208654197928271,2.76402346119366e-16,"RD","aki1_7d","vent_at_t0","factor",4202,515,FALSE,3.98602715590532e-14,2.40823884440694e-16,1.06294057490808e-13,6.42197025175184e-16,2.40823884440694e-16,6.42197025175184e-16
"aki2_48h__age__linear","treated:modifier",1.48941907310869,1.21632321948744,1.82383197146789,0.000115746629598766,"OR","aki2_48h","age","linear",4690,26,FALSE,0.000115746629598766,1.16837083388005e-05,0.000694479777592597,5.60818000262425e-05,0.000115746629598766,0.000694479777592597
"aki2_48h__age__linear","treated:modifier",0.0161506323924804,0.00892902751729892,0.0233722372676619,1.18109950068238e-05,"RD","aki2_48h","age","linear",4690,26,FALSE,0.000115746629598766,1.16837083388005e-05,0.000694479777592597,5.60818000262425e-05,1.16837083388005e-05,5.60818000262425e-05
"aki2_48h__age__quartile","treated:modifierQ2",1.42697386692012,0.765916494255163,2.658585409958,0.262725353414538,"OR","aki2_48h","age","quartile",4690,26,FALSE,0.000225025411679542,4.07488951850615e-06,0.0010801219760618,2.44493371110369e-05,0.000225025411679542,0.0010801219760618
"aki2_48h__age__quartile","treated:modifierQ3",2.47361345099714,1.30520686061781,4.68796455916398,0.00549304289809014,"OR","aki2_48h","age","quartile",4690,26,FALSE,0.000225025411679542,4.07488951850615e-06,0.0010801219760618,2.44493371110369e-05,0.000225025411679542,0.0010801219760618
"aki2_48h__age__quartile","treated:modifierQ4",3.54777014901031,1.93062961195923,6.51946543875679,4.52221679856927e-05,"OR","aki2_48h","age","quartile",4690,26,FALSE,0.000225025411679542,4.07488951850615e-06,0.0010801219760618,2.44493371110369e-05,0.000225025411679542,0.0010801219760618
"aki2_48h__age__quartile","treated:modifierQ2",0.0112618021885647,-0.00838697262825509,0.0309105770053845,0.261302935493083,"RD","aki2_48h","age","quartile",4690,26,FALSE,0.000225025411679542,4.07488951850615e-06,0.0010801219760618,2.44493371110369e-05,4.07488951850615e-06,2.44493371110369e-05
"aki2_48h__age__quartile","treated:modifierQ3",0.0314746123697223,0.010424678375215,0.0525245463642295,0.00339057268180934,"RD","aki2_48h","age","quartile",4690,26,FALSE,0.000225025411679542,4.07488951850615e-06,0.0010801219760618,2.44493371110369e-05,4.07488951850615e-06,2.44493371110369e-05
"aki2_48h__age__quartile","treated:modifierQ4",0.059688907578326,0.0359658940468305,0.0834119211098215,8.2997867266313e-07,"RD","aki2_48h","age","quartile",4690,26,FALSE,0.000225025411679542,4.07488951850615e-06,0.0010801219760618,2.44493371110369e-05,4.07488951850615e-06,2.44493371110369e-05
"aki2_48h__alb_cat__factor","treated:modifierlow",1.36540002603376,0.61502435524565,3.03129008663138,0.444033973736761,"OR","aki2_48h","alb_cat","factor",4690,12,TRUE,0.529414038542184,0.289930838701055,0.605044615476781,0.347917006441266,0.529414038542184,0.605044615476781
"aki2_48h__alb_cat__factor","treated:modifiermissing",1.28508677242864,0.804528379521851,2.05269081204138,0.293838004728976,"OR","aki2_48h","alb_cat","factor",4690,12,TRUE,0.529414038542184,0.289930838701055,0.605044615476781,0.347917006441266,0.529414038542184,0.605044615476781
"aki2_48h__alb_cat__factor","treated:modifierlow",0.0160433231712471,-0.014816615400193,0.0469032617426872,0.308250247334025,"RD","aki2_48h","alb_cat","factor",4690,12,TRUE,0.529414038542184,0.289930838701055,0.605044615476781,0.347917006441266,0.289930838701055,0.347917006441266
"aki2_48h__alb_cat__factor","treated:modifiermissing",0.0120422113162893,-0.00431206911480873,0.0283964917473874,0.148993479310271,"RD","aki2_48h","alb_cat","factor",4690,12,TRUE,0.529414038542184,0.289930838701055,0.605044615476781,0.347917006441266,0.289930838701055,0.347917006441266
"aki2_48h__baseline_cr__linear","treated:modifier",0.516856055166095,0.244479489082974,1.09268954530248,0.0840015689901941,"OR","aki2_48h","baseline_cr","linear",4690,21,FALSE,0.0840015689901942,0.0472409809160111,0.19160864535613,0.103071231089479,0.0840015689901942,0.19160864535613
"aki2_48h__baseline_cr__linear","treated:modifier",-0.0250500430821818,-0.0497953987777048,-0.000304687386658758,0.0472700904868842,"RD","aki2_48h","baseline_cr","linear",4690,21,FALSE,0.0840015689901942,0.0472409809160111,0.19160864535613,0.103071231089479,0.0472409809160111,0.103071231089479
"aki2_48h__baseline_cr__quartile","treated:modifierQ2",0.501131792133131,0.289023516777604,0.868901866140545,0.0138762220309877,"OR","aki2_48h","baseline_cr","quartile",4690,21,FALSE,0.0412185707869622,0.00447229374937872,0.141320814126727,0.0153335785692985,0.0412185707869622,0.141320814126727
"aki2_48h__baseline_cr__quartile","treated:modifierQ3",1.10350322013127,0.587875287733261,2.07139062016944,0.759190380492303,"OR","aki2_48h","baseline_cr","quartile",4690,21,FALSE,0.0412185707869622,0.00447229374937872,0.141320814126727,0.0153335785692985,0.0412185707869622,0.141320814126727
"aki2_48h__baseline_cr__quartile","treated:modifierQ4",1.03148839392654,0.54680179176539,1.9458025244761,0.923724539673317,"OR","aki2_48h","baseline_cr","quartile",4690,21,FALSE,0.0412185707869622,0.00447229374937872,0.141320814126727,0.0153335785692985,0.0412185707869622,0.141320814126727
"aki2_48h__baseline_cr__quartile","treated:modifierQ2",-0.031416083326779,-0.0510529656927899,-0.0117792009607682,0.00171970084365384,"RD","aki2_48h","baseline_cr","quartile",4690,21,FALSE,0.0412185707869622,0.00447229374937872,0.141320814126727,0.0153335785692985,0.00447229374937872,0.0153335785692985
"aki2_48h__baseline_cr__quartile","treated:modifierQ3",-0.00334181163321771,-0.0268361522286196,0.0201525289621842,0.780413329664744,"RD","aki2_48h","baseline_cr","quartile",4690,21,FALSE,0.0412185707869622,0.00447229374937872,0.141320814126727,0.0153335785692985,0.00447229374937872,0.0153335785692985
"aki2_48h__baseline_cr__quartile","treated:modifierQ4",-0.00484034818636319,-0.0290071583580938,0.0193264619853674,0.694648541791719,"RD","aki2_48h","baseline_cr","quartile",4690,21,FALSE,0.0412185707869622,0.00447229374937872,0.141320814126727,0.0153335785692985,0.00447229374937872,0.0153335785692985
"aki2_48h__ckd__factor","treated:modifier1",1.45187298274066,0.809708459144305,2.60332609126983,0.210752446538827,"OR","aki2_48h","ckd","factor",4690,20,FALSE,0.210752446538827,0.126638816640653,0.337203914462124,0.178784211727981,0.210752446538827,0.337203914462124
"aki2_48h__ckd__factor","treated:modifier1",0.0176983257176777,-0.00501127125190051,0.040407922687256,0.126672548756393,"RD","aki2_48h","ckd","factor",4690,20,FALSE,0.210752446538827,0.126638816640653,0.337203914462124,0.178784211727981,0.126638816640653,0.178784211727981
"aki2_48h__diabetes__factor","treated:modifier1",0.930729803550768,0.584587841194648,1.48182686360255,0.762238421010795,"OR","aki2_48h","diabetes","factor",4690,43,FALSE,0.762238421010795,0.624258418919636,0.831532822920867,0.662255109898471,0.762238421010795,0.831532822920867
"aki2_48h__diabetes__factor","treated:modifier1",-0.00412325517979432,-0.020622200754819,0.0123756903952304,0.624269879119064,"RD","aki2_48h","diabetes","factor",4690,43,FALSE,0.762238421010795,0.624258418919636,0.831532822920867,0.662255109898471,0.624258418919636,0.662255109898471
"aki2_48h__egfr__linear","treated:modifier",0.801776202790579,0.576458528686926,1.11516275216809,0.189365328476878,"OR","aki2_48h","egfr","linear",4690,24,FALSE,0.189365328476878,0.125307839118501,0.324626277388934,0.178784211727981,0.189365328476878,0.324626277388934
"aki2_48h__egfr__linear","treated:modifier",-0.00936919759342088,-0.0213490946897312,0.00261069950288943,0.125341578361519,"RD","aki2_48h","egfr","linear",4690,24,FALSE,0.189365328476878,0.125307839118501,0.324626277388934,0.178784211727981,0.125307839118501,0.178784211727981
"aki2_48h__egfr__quartile","treated:modifierQ2",1.10183406110343,0.580754294047856,2.09045083376972,0.76661754089196,"OR","aki2_48h","egfr","quartile",4690,24,FALSE,0.118485324235844,0.11891979182346,0.21874213705079,0.178784211727981,0.118485324235844,0.21874213705079
"aki2_48h__egfr__quartile","treated:modifierQ3",0.622219586583265,0.339406406795057,1.14068917432553,0.124949926896095,"OR","aki2_48h","egfr","quartile",4690,24,FALSE,0.118485324235844,0.11891979182346,0.21874213705079,0.178784211727981,0.118485324235844,0.21874213705079
"aki2_48h__egfr__quartile","treated:modifierQ4",0.600979647680813,0.333353709655823,1.08346337978196,0.0903781973243729,"OR","aki2_48h","egfr","quartile",4690,24,FALSE,0.118485324235844,0.11891979182346,0.21874213705079,0.178784211727981,0.118485324235844,0.21874213705079
"aki2_48h__egfr__quartile","treated:modifierQ2",-0.00470473041653229,-0.0271187794236801,0.0177093185906156,0.680784348431849,"RD","aki2_48h","egfr","quartile",4690,24,FALSE,0.118485324235844,0.11891979182346,0.21874213705079,0.178784211727981,0.11891979182346,0.178784211727981
"aki2_48h__egfr__quartile","treated:modifierQ3",-0.0216666886767121,-0.0443599362621068,0.00102655890868257,0.0613295397249404,"RD","aki2_48h","egfr","quartile",4690,24,FALSE,0.118485324235844,0.11891979182346,0.21874213705079,0.178784211727981,0.11891979182346,0.178784211727981
"aki2_48h__egfr__quartile","treated:modifierQ4",-0.0217071811812602,-0.0449238856711885,0.00150952330866806,0.0668992845302608,"RD","aki2_48h","egfr","quartile",4690,24,FALSE,0.118485324235844,0.11891979182346,0.21874213705079,0.178784211727981,0.11891979182346,0.178784211727981
"aki2_48h__heart_failure__factor","treated:modifier1",1.61286869191422,1.00348895786923,2.59230098842409,0.0483379057097802,"OR","aki2_48h","heart_failure","factor",4690,36,FALSE,0.0483379057097803,0.0101819455057404,0.145013717129341,0.0305458365172211,0.0483379057097803,0.145013717129341
"aki2_48h__heart_failure__factor","treated:modifier1",0.0247064610340176,0.00586116016802359,0.0435517619000117,0.0101972583171142,"RD","aki2_48h","heart_failure","factor",4690,36,FALSE,0.0483379057097803,0.0101819455057404,0.145013717129341,0.0305458365172211,0.0101819455057404,0.0305458365172211
"aki2_48h__hemoglobin__linear","treated:modifier",0.672087418260665,0.588672156802971,0.767322681333255,4.17294776063399e-09,"OR","aki2_48h","hemoglobin","linear",4684,20,FALSE,4.17294776063398e-09,6.07557995683836e-10,1.00150746255216e-07,1.45813918964121e-08,4.17294776063398e-09,1.00150746255216e-07
"aki2_48h__hemoglobin__linear","treated:modifier",-0.0156321326245783,-0.0205831208404856,-0.0106811444086711,6.33029342598225e-10,"RD","aki2_48h","hemoglobin","linear",4684,20,FALSE,4.17294776063398e-09,6.07557995683836e-10,1.00150746255216e-07,1.45813918964121e-08,6.07557995683836e-10,1.45813918964121e-08
"aki2_48h__hemoglobin__quartile","treated:modifierQ2",0.565488566752818,0.31501853298443,1.01510636881787,0.0561627406016199,"OR","aki2_48h","hemoglobin","quartile",4684,20,FALSE,3.69735734739299e-07,1.07553900676475e-08,4.43682881687159e-06,1.2906468081177e-07,3.69735734739299e-07,4.43682881687159e-06
"aki2_48h__hemoglobin__quartile","treated:modifierQ3",0.733565985726231,0.378139419053937,1.4230705086521,0.359437139208452,"OR","aki2_48h","hemoglobin","quartile",4684,20,FALSE,3.69735734739299e-07,1.07553900676475e-08,4.43682881687159e-06,1.2906468081177e-07,3.69735734739299e-07,4.43682881687159e-06
"aki2_48h__hemoglobin__quartile","treated:modifierQ4",0.141289498520687,0.0703905765404281,0.283599359081281,3.69187910845514e-08,"OR","aki2_48h","hemoglobin","quartile",4684,20,FALSE,3.69735734739299e-07,1.07553900676475e-08,4.43682881687159e-06,1.2906468081177e-07,3.69735734739299e-07,4.43682881687159e-06
"aki2_48h__hemoglobin__quartile","treated:modifierQ2",-0.0157977292197061,-0.0383431923307896,0.00674773389137751,0.169666296276214,"RD","aki2_48h","hemoglobin","quartile",4684,20,FALSE,3.69735734739299e-07,1.07553900676475e-08,4.43682881687159e-06,1.2906468081177e-07,1.07553900676475e-08,1.2906468081177e-07
"aki2_48h__hemoglobin__quartile","treated:modifierQ3",-0.0156050106609808,-0.036905227644798,0.00569520632283637,0.151053002740094,"RD","aki2_48h","hemoglobin","quartile",4684,20,FALSE,3.69735734739299e-07,1.07553900676475e-08,4.43682881687159e-06,1.2906468081177e-07,1.07553900676475e-08,1.2906468081177e-07
"aki2_48h__hemoglobin__quartile","treated:modifierQ4",-0.0655733490601704,-0.087094581305432,-0.0440521168149088,2.42968142303367e-09,"RD","aki2_48h","hemoglobin","quartile",4684,20,FALSE,3.69735734739299e-07,1.07553900676475e-08,4.43682881687159e-06,1.2906468081177e-07,1.07553900676475e-08,1.2906468081177e-07
"aki2_48h__hypertension__factor","treated:modifier1",1.38052836482294,0.817111038477935,2.33243522157139,0.228147500027944,"OR","aki2_48h","hypertension","factor",4690,32,FALSE,0.228147500027944,0.164025394742611,0.342221250041916,0.207189972306456,0.228147500027944,0.342221250041916
"aki2_48h__hypertension__factor","treated:modifier1",0.0130219780219781,-0.00531804597028719,0.0313620020142434,0.164058408400541,"RD","aki2_48h","hypertension","factor",4690,32,FALSE,0.228147500027944,0.164025394742611,0.342221250041916,0.207189972306456,0.164025394742611,0.207189972306456
"aki2_48h__lactate__linear","treated:modifier",1.15371175650726,0.973927041582793,1.36668432056254,0.0980599094820508,"OR","aki2_48h","lactate","linear",4491,26,FALSE,0.0980599094820511,0.0163413006285107,0.196119818964102,0.0392191215084257,0.0980599094820511,0.196119818964102
"aki2_48h__lactate__linear","treated:modifier",0.00915597760092362,0.00168233980239169,0.0166296153994556,0.0163615083570383,"RD","aki2_48h","lactate","linear",4491,26,FALSE,0.0980599094820511,0.0163413006285107,0.196119818964102,0.0392191215084257,0.0163413006285107,0.0392191215084257
"aki2_48h__lactate__quartile","treated:modifierQ2",1.08805708366804,0.600445342920568,1.97165026139076,0.780822803732692,"OR","aki2_48h","lactate","quartile",4491,26,FALSE,0.309325712115872,0.117619681959704,0.412434282821163,0.178784211727981,0.309325712115872,0.412434282821163
"aki2_48h__lactate__quartile","treated:modifierQ3",0.8161401668407,0.414107984820853,1.60848087056066,0.557247330921381,"OR","aki2_48h","lactate","quartile",4491,26,FALSE,0.309325712115872,0.117619681959704,0.412434282821163,0.178784211727981,0.309325712115872,0.412434282821163
"aki2_48h__lactate__quartile","treated:modifierQ4",1.5294810592806,0.821273599775945,2.84839584681195,0.180448786751198,"OR","aki2_48h","lactate","quartile",4491,26,FALSE,0.309325712115872,0.117619681959704,0.412434282821163,0.178784211727981,0.309325712115872,0.412434282821163
"aki2_48h__lactate__quartile","treated:modifierQ2",0.00554335938864543,-0.0163259290755725,0.0274126478528634,0.619331884627495,"RD","aki2_48h","lactate","quartile",4491,26,FALSE,0.309325712115872,0.117619681959704,0.412434282821163,0.178784211727981,0.117619681959704,0.178784211727981
"aki2_48h__lactate__quartile","treated:modifierQ3",-0.00843511362895012,-0.0302387793960675,0.0133685521381672,0.448315943870834,"RD","aki2_48h","lactate","quartile",4491,26,FALSE,0.309325712115872,0.117619681959704,0.412434282821163,0.178784211727981,0.117619681959704,0.178784211727981
"aki2_48h__lactate__quartile","treated:modifierQ4",0.0196754925012125,-0.00328879392762434,0.0426397789300493,0.0931280707940411,"RD","aki2_48h","lactate","quartile",4491,26,FALSE,0.309325712115872,0.117619681959704,0.412434282821163,0.178784211727981,0.117619681959704,0.178784211727981
"aki2_48h__map__linear","treated:modifier",0.935975163160243,0.779957057602932,1.12320222954997,0.476964904346455,"OR","aki2_48h","map","linear",4672,29,FALSE,0.476964904346455,0.5383184780276,0.572357885215746,0.615221117745829,0.476964904346455,0.572357885215746
"aki2_48h__map__linear","treated:modifier",-0.00216912383960836,-0.00907808473604098,0.00473983705682426,0.538333470923549,"RD","aki2_48h","map","linear",4672,29,FALSE,0.476964904346455,0.5383184780276,0.572357885215746,0.615221117745829,0.5383184780276,0.615221117745829
"aki2_48h__map__quartile","treated:modifierQ2",0.839246136774426,0.453271160207587,1.55389122433519,0.577113879898348,"OR","aki2_48h","map","quartile",4672,29,FALSE,0.930185821109972,0.879028649809742,0.930185821109972,0.879028649809742,0.930185821109972,0.930185821109972
"aki2_48h__map__quartile","treated:modifierQ3",0.880514941537939,0.471692959238413,1.64366787141228,0.689468804760265,"OR","aki2_48h","map","quartile",4672,29,FALSE,0.930185821109972,0.879028649809742,0.930185821109972,0.879028649809742,0.930185821109972,0.930185821109972
"aki2_48h__map__quartile","treated:modifierQ4",0.839312683102107,0.469252781197285,1.50120746907175,0.554860443586795,"OR","aki2_48h","map","quartile",4672,29,FALSE,0.930185821109972,0.879028649809742,0.930185821109972,0.879028649809742,0.930185821109972,0.930185821109972
"aki2_48h__map__quartile","treated:modifierQ2",-0.00847678967346488,-0.030634630569666,0.0136810512227363,0.453378875941378,"RD","aki2_48h","map","quartile",4672,29,FALSE,0.930185821109972,0.879028649809742,0.930185821109972,0.879028649809742,0.879028649809742,0.879028649809742
"aki2_48h__map__quartile","treated:modifierQ3",-0.00738421359627386,-0.0294499969378947,0.0146815697453469,0.511901384399599,"RD","aki2_48h","map","quartile",4672,29,FALSE,0.930185821109972,0.879028649809742,0.930185821109972,0.879028649809742,0.879028649809742,0.879028649809742
"aki2_48h__map__quartile","treated:modifierQ4",-0.00608579398611292,-0.0283835076310734,0.0162119196588476,0.592697349539778,"RD","aki2_48h","map","quartile",4672,29,FALSE,0.930185821109972,0.879028649809742,0.930185821109972,0.879028649809742,0.879028649809742,0.879028649809742
"aki2_48h__sex__factor","treated:modifier1",2.77624018331145,1.7470246461478,4.41179211319561,1.55421504661017e-05,"OR","aki2_48h","sex","factor",4690,38,FALSE,1.55421504661018e-05,1.33301371458548e-07,0.000124337203728814,1.06641097166838e-06,1.55421504661018e-05,0.000124337203728814
"aki2_48h__sex__factor","treated:modifier1",0.0489027064654745,0.0307296322563971,0.0670757806745519,1.36273720758297e-07,"RD","aki2_48h","sex","factor",4690,38,FALSE,1.55421504661018e-05,1.33301371458548e-07,0.000124337203728814,1.06641097166838e-06,1.33301371458548e-07,1.06641097166838e-06
"aki2_48h__surg_aortic__factor","treated:modifier1",1.82038385728865,0.915043504709468,3.6214643028686,0.0878206291215599,"OR","aki2_48h","surg_aortic","factor",4690,13,TRUE,0.0878206291215598,0.0159408746190737,0.19160864535613,0.0392191215084257,0.0878206291215598,0.19160864535613
"aki2_48h__surg_aortic__factor","treated:modifier1",0.0422058408664404,0.00788455297036893,0.0765271287625119,0.0159600010632085,"RD","aki2_48h","surg_aortic","factor",4690,13,TRUE,0.0878206291215598,0.0159408746190737,0.19160864535613,0.0392191215084257,0.0159408746190737,0.0392191215084257
"aki2_48h__surg_cabg__factor","treated:modifier1",0.765335477823638,0.43593052616073,1.34365078484908,0.351680477861061,"OR","aki2_48h","surg_cabg","factor",4690,26,FALSE,0.351680477861061,0.13874710976822,0.444227972035025,0.184996146357627,0.351680477861061,0.444227972035025
"aki2_48h__surg_cabg__factor","treated:modifier1",-0.0134254268036596,-0.0311993678227655,0.0043485142154463,0.138780710257484,"RD","aki2_48h","surg_cabg","factor",4690,26,FALSE,0.351680477861061,0.13874710976822,0.444227972035025,0.184996146357627,0.13874710976822,0.184996146357627
"aki2_48h__surg_combined__factor","treated:modifier1",2.21674271551632,0.920244134722149,5.33983111805255,0.0759475216759075,"OR","aki2_48h","surg_combined","factor",4690,7,TRUE,0.0759475216759073,0.0788608058357417,0.19160864535613,0.155221309522152,0.0759475216759073,0.19160864535613
"aki2_48h__surg_combined__factor","treated:modifier1",0.0249605589362182,-0.0028785887846704,0.0527997066571068,0.0788934385870879,"RD","aki2_48h","surg_combined","factor",4690,7,TRUE,0.0759475216759073,0.0788608058357417,0.19160864535613,0.155221309522152,0.0788608058357417,0.155221309522152
"aki2_48h__surg_valve__factor","treated:modifier1",1.37929219887515,0.773694867663845,2.45891119275776,0.275639547634579,"OR","aki2_48h","surg_valve","factor",4690,21,FALSE,0.275639547634579,0.0840782093244988,0.389138184895876,0.155221309522152,0.275639547634579,0.389138184895876
"aki2_48h__surg_valve__factor","treated:modifier1",0.0232924359672123,-0.00313489791943009,0.0497197698538547,0.0841111403098923,"RD","aki2_48h","surg_valve","factor",4690,21,FALSE,0.275639547634579,0.0840782093244988,0.389138184895876,0.155221309522152,0.0840782093244988,0.155221309522152
"aki2_48h__vaso_at_t0__factor","treated:modifier1",1.04377012008156,0.673063020006945,1.61865387220922,0.848235151192154,"OR","aki2_48h","vaso_at_t0","factor",4690,56,FALSE,0.848235151192154,0.634661146986035,0.885114940374422,0.662255109898471,0.848235151192154,0.885114940374422
"aki2_48h__vaso_at_t0__factor","treated:modifier1",0.00381292563706243,-0.0119145642907912,0.0195404155649161,0.634672215701619,"RD","aki2_48h","vaso_at_t0","factor",4690,56,FALSE,0.848235151192154,0.634661146986035,0.885114940374422,0.662255109898471,0.634661146986035,0.662255109898471
"aki2_48h__vent_at_t0__factor","treated:modifier1",2.05347052730481,1.29772824314527,3.24932529501668,0.00211868565880246,"OR","aki2_48h","vent_at_t0","factor",4690,55,FALSE,0.00211868565880246,4.82357776285888e-05,0.00847474263520985,0.000192943110514355,0.00211868565880246,0.00847474263520985
"aki2_48h__vent_at_t0__factor","treated:modifier1",0.0318520277414383,0.0164903771664329,0.0472136783164438,4.86293968580922e-05,"RD","aki2_48h","vent_at_t0","factor",4690,55,FALSE,0.00211868565880246,4.82357776285888e-05,0.00847474263520985,0.000192943110514355,4.82357776285888e-05,0.000192943110514355
"aki2_7d__age__linear","treated:modifier",1.45395435873703,1.22652758625447,1.72355135015432,1.61218813531269e-05,"OR","aki2_7d","age","linear",4202,43,FALSE,1.61218813531269e-05,1.39706155454894e-07,9.67312881187615e-05,6.70589546183492e-07,1.61218813531269e-05,9.67312881187615e-05
"aki2_7d__age__linear","treated:modifier",0.0257839708201721,0.0161865358146759,0.0353814058256683,1.43164764022506e-07,"RD","aki2_7d","age","linear",4202,43,FALSE,1.61218813531269e-05,1.39706155454894e-07,9.67312881187615e-05,6.70589546183492e-07,1.39706155454894e-07,6.70589546183492e-07
"aki2_7d__age__quartile","treated:modifierQ2",1.35519122917784,0.802765769966559,2.2877697783714,0.255255308933237,"OR","aki2_7d","age","quartile",4202,43,FALSE,2.77431884133909e-05,2.80221855374976e-08,0.000133167304384276,1.68133113224986e-07,2.77431884133909e-05,0.000133167304384276
"aki2_7d__age__quartile","treated:modifierQ3",1.93891674202905,1.15696829041575,3.24935278145752,0.0119548113688533,"OR","aki2_7d","age","quartile",4202,43,FALSE,2.77431884133909e-05,2.80221855374976e-08,0.000133167304384276,1.68133113224986e-07,2.77431884133909e-05,0.000133167304384276
"aki2_7d__age__quartile","treated:modifierQ4",3.36220326337006,2.01267066387531,5.6166222259384,3.62653067624421e-06,"OR","aki2_7d","age","quartile",4202,43,FALSE,2.77431884133909e-05,2.80221855374976e-08,0.000133167304384276,1.68133113224986e-07,2.77431884133909e-05,0.000133167304384276
"aki2_7d__age__quartile","treated:modifierQ2",0.0153846153846155,-0.0102303412056614,0.0409995719748924,0.239150316409133,"RD","aki2_7d","age","quartile",4202,43,FALSE,2.77431884133909e-05,2.80221855374976e-08,0.000133167304384276,1.68133113224986e-07,2.80221855374976e-08,1.68133113224986e-07
"aki2_7d__age__quartile","treated:modifierQ3",0.04158215010142,0.0132482197767689,0.0699160804260711,0.00403194121765704,"RD","aki2_7d","age","quartile",4202,43,FALSE,2.77431884133909e-05,2.80221855374976e-08,0.000133167304384276,1.68133113224986e-07,2.80221855374976e-08,1.68133113224986e-07
"aki2_7d__age__quartile","treated:modifierQ4",0.0960264900662252,0.0641604010258201,0.12789257910663,3.63409252390784e-09,"RD","aki2_7d","age","quartile",4202,43,FALSE,2.77431884133909e-05,2.80221855374976e-08,0.000133167304384276,1.68133113224986e-07,2.80221855374976e-08,1.68133113224986e-07
"aki2_7d__alb_cat__factor","treated:modifierlow",1.20919915515098,0.61672985885853,2.37083153315144,0.580270493617956,"OR","aki2_7d","alb_cat","factor",4202,17,TRUE,0.846462180685863,0.729830534785784,0.923413288020942,0.810806730819779,0.846462180685863,0.923413288020942
"aki2_7d__alb_cat__factor","treated:modifiermissing",1.06856950106933,0.729926885357993,1.56432212803827,0.733058311651675,"OR","aki2_7d","alb_cat","factor",4202,17,TRUE,0.846462180685863,0.729830534785784,0.923413288020942,0.810806730819779,0.846462180685863,0.923413288020942
"aki2_7d__alb_cat__factor","treated:modifierlow",0.0173169046697185,-0.0261342427791444,0.0607680521185814,0.434746185332314,"RD","aki2_7d","alb_cat","factor",4202,17,TRUE,0.846462180685863,0.729830534785784,0.923413288020942,0.810806730819779,0.729830534785784,0.810806730819779
"aki2_7d__alb_cat__factor","treated:modifiermissing",0.00416574549952963,-0.0180158710154756,0.0263473620145349,0.712814397296331,"RD","aki2_7d","alb_cat","factor",4202,17,TRUE,0.846462180685863,0.729830534785784,0.923413288020942,0.810806730819779,0.729830534785784,0.810806730819779
"aki2_7d__baseline_cr__linear","treated:modifier",1.00319852704463,0.600316369447401,1.67646150577391,0.990274584195989,"OR","aki2_7d","baseline_cr","linear",4202,34,FALSE,0.990274584195989,0.783811675671097,0.990274584195989,0.817890444178536,0.990274584195989,0.990274584195989
"aki2_7d__baseline_cr__linear","treated:modifier",0.00468007410220018,-0.0287544865889643,0.0381146347933646,0.783818422195906,"RD","aki2_7d","baseline_cr","linear",4202,34,FALSE,0.990274584195989,0.783811675671097,0.990274584195989,0.817890444178536,0.783811675671097,0.817890444178536
"aki2_7d__baseline_cr__quartile","treated:modifierQ2",0.545322128543577,0.343606913650158,0.865454716030743,0.010076508660354,"OR","aki2_7d","baseline_cr","quartile",4202,34,FALSE,0.00522532332812143,0.000312580947463558,0.0125407759874914,0.000833549193236154,0.00522532332812143,0.0125407759874914
"aki2_7d__baseline_cr__quartile","treated:modifierQ3",1.10943552909445,0.660284014796234,1.86411781238856,0.694879503516109,"OR","aki2_7d","baseline_cr","quartile",4202,34,FALSE,0.00522532332812143,0.000312580947463558,0.0125407759874914,0.000833549193236154,0.00522532332812143,0.0125407759874914
"aki2_7d__baseline_cr__quartile","treated:modifierQ4",1.30971305557392,0.780816070102172,2.19686601444603,0.306578563732297,"OR","aki2_7d","baseline_cr","quartile",4202,34,FALSE,0.00522532332812143,0.000312580947463558,0.0125407759874914,0.000833549193236154,0.00522532332812143,0.0125407759874914
"aki2_7d__baseline_cr__quartile","treated:modifierQ2",-0.038867624675441,-0.0644473727106104,-0.0132878766402716,0.00290814678465179,"RD","aki2_7d","baseline_cr","quartile",4202,34,FALSE,0.00522532332812143,0.000312580947463558,0.0125407759874914,0.000833549193236154,0.000312580947463558,0.000833549193236154
"aki2_7d__baseline_cr__quartile","treated:modifierQ3",0.0048054070112893,-0.026330827153003,0.0359416411755816,0.762281195267628,"RD","aki2_7d","baseline_cr","quartile",4202,34,FALSE,0.00522532332812143,0.000312580947463558,0.0125407759874914,0.000833549193236154,0.000312580947463558,0.000833549193236154
"aki2_7d__baseline_cr__quartile","treated:modifierQ4",0.0219469309462915,-0.0112952809774264,0.0551891428700094,0.195695169796527,"RD","aki2_7d","baseline_cr","quartile",4202,34,FALSE,0.00522532332812143,0.000312580947463558,0.0125407759874914,0.000833549193236154,0.000312580947463558,0.000833549193236154
"aki2_7d__ckd__factor","treated:modifier1",1.78638375659755,1.1302985952841,2.82329548948388,0.0129737700252039,"OR","aki2_7d","ckd","factor",4202,34,FALSE,0.0129737700252039,0.000872138704883508,0.0207580320403262,0.00161010222440032,0.0129737700252039,0.0207580320403262
"aki2_7d__ckd__factor","treated:modifier1",0.0554749894243666,0.0228114968155934,0.08813848203314,0.000875891359501275,"RD","aki2_7d","ckd","factor",4202,34,FALSE,0.0129737700252039,0.000872138704883508,0.0207580320403262,0.00161010222440032,0.000872138704883508,0.00161010222440032
"aki2_7d__diabetes__factor","treated:modifier1",0.884273302669898,0.609353661374433,1.28322733312379,0.517393937822453,"OR","aki2_7d","diabetes","factor",4202,76,FALSE,0.517393937822452,0.743239503251465,0.591307357511374,0.810806730819779,0.517393937822452,0.591307357511374
"aki2_7d__diabetes__factor","treated:modifier1",-0.00379523288235529,-0.0265040810316315,0.0189136152669209,0.743247666415232,"RD","aki2_7d","diabetes","factor",4202,76,FALSE,0.517393937822452,0.743239503251465,0.591307357511374,0.810806730819779,0.743239503251465,0.810806730819779
"aki2_7d__egfr__linear","treated:modifier",0.701301129891529,0.539234227719284,0.912077256051279,0.00813510679245041,"OR","aki2_7d","egfr","linear",4202,38,FALSE,0.00813510679245041,0.000372292235234217,0.0162702135849008,0.00089350136456212,0.00813510679245041,0.0162702135849008
"aki2_7d__egfr__linear","treated:modifier",-0.0304349257995422,-0.0471960168533043,-0.01367383474578,0.000374347588171207,"RD","aki2_7d","egfr","linear",4202,38,FALSE,0.00813510679245041,0.000372292235234217,0.0162702135849008,0.00089350136456212,0.000372292235234217,0.00089350136456212
"aki2_7d__egfr__quartile","treated:modifierQ2",1.05089720566288,0.633391676087387,1.7436050686553,0.847601171844702,"OR","aki2_7d","egfr","quartile",4202,38,FALSE,0.00651458664620771,0.000535047315809522,0.0142136435917259,0.00107009463161904,0.00651458664620771,0.0142136435917259
"aki2_7d__egfr__quartile","treated:modifierQ3",0.640592024642954,0.385104542173752,1.06557595950404,0.0862786680346531,"OR","aki2_7d","egfr","quartile",4202,38,FALSE,0.00651458664620771,0.000535047315809522,0.0142136435917259,0.00107009463161904,0.00651458664620771,0.0142136435917259
"aki2_7d__egfr__quartile","treated:modifierQ4",0.484559870231744,0.299647569939413,0.783581418285753,0.00313144669738268,"OR","aki2_7d","egfr","quartile",4202,38,FALSE,0.00651458664620771,0.000535047315809522,0.0142136435917259,0.00107009463161904,0.00651458664620771,0.0142136435917259
"aki2_7d__egfr__quartile","treated:modifierQ2",-0.0196954016674711,-0.0515841395965322,0.0121933362615899,0.226101084774529,"RD","aki2_7d","egfr","quartile",4202,38,FALSE,0.00651458664620771,0.000535047315809522,0.0142136435917259,0.00107009463161904,0.000535047315809522,0.00107009463161904
"aki2_7d__egfr__quartile","treated:modifierQ3",-0.0477025945662294,-0.0789037593317365,-0.0165014298007223,0.00273815997898223,"RD","aki2_7d","egfr","quartile",4202,38,FALSE,0.00651458664620771,0.000535047315809522,0.0142136435917259,0.00107009463161904,0.000535047315809522,0.00107009463161904
"aki2_7d__egfr__quartile","treated:modifierQ4",-0.060183914419298,-0.0922047292213702,-0.0281630996172258,0.00023116493877962,"RD","aki2_7d","egfr","quartile",4202,38,FALSE,0.00651458664620771,0.000535047315809522,0.0142136435917259,0.00107009463161904,0.000535047315809522,0.00107009463161904
"aki2_7d__heart_failure__factor","treated:modifier1",1.90060098051738,1.27690195779974,2.82894396478808,0.00155314347037704,"OR","aki2_7d","heart_failure","factor",4202,51,FALSE,0.00155314347037704,7.99817276844567e-05,0.00436638300235561,0.00023994518305337,0.00155314347037704,0.00436638300235561
"aki2_7d__heart_failure__factor","treated:modifier1",0.0515549571894185,0.0259372937909874,0.0771726205878497,8.06323353235698e-05,"RD","aki2_7d","heart_failure","factor",4202,51,FALSE,0.00155314347037704,7.99817276844567e-05,0.00436638300235561,0.00023994518305337,7.99817276844567e-05,0.00023994518305337
"aki2_7d__hemoglobin__linear","treated:modifier",0.65790346403174,0.584256510378947,0.740833795252407,4.75975622864652e-12,"OR","aki2_7d","hemoglobin","linear",4197,28,FALSE,4.75975622864652e-12,2.78984707498244e-13,1.14234149487517e-10,3.34781648997893e-12,4.75975622864652e-12,1.14234149487517e-10
"aki2_7d__hemoglobin__linear","treated:modifier",-0.0263716590833134,-0.0334482271285522,-0.0192950910380745,3.04525674535064e-13,"RD","aki2_7d","hemoglobin","linear",4197,28,FALSE,4.75975622864652e-12,2.78984707498244e-13,1.14234149487517e-10,3.34781648997893e-12,2.78984707498244e-13,3.34781648997893e-12
"aki2_7d__hemoglobin__quartile","treated:modifierQ2",0.422071936291627,0.258249328315226,0.689816777325805,0.000578419749977753,"OR","aki2_7d","hemoglobin","quartile",4197,28,FALSE,4.95899720546365e-11,1.21804102793034e-13,5.95079664655638e-10,2.92329846703282e-12,4.95899720546365e-11,5.95079664655638e-10
"aki2_7d__hemoglobin__quartile","treated:modifierQ3",0.389450773228657,0.230681511282771,0.657494846140826,0.000416593098873485,"OR","aki2_7d","hemoglobin","quartile",4197,28,FALSE,4.95899720546365e-11,1.21804102793034e-13,5.95079664655638e-10,2.92329846703282e-12,4.95899720546365e-11,5.95079664655638e-10
"aki2_7d__hemoglobin__quartile","treated:modifierQ4",0.117521145086443,0.0651738933681593,0.21191337249734,1.09308569301189e-12,"OR","aki2_7d","hemoglobin","quartile",4197,28,FALSE,4.95899720546365e-11,1.21804102793034e-13,5.95079664655638e-10,2.92329846703282e-12,4.95899720546365e-11,5.95079664655638e-10
"aki2_7d__hemoglobin__quartile","treated:modifierQ2",-0.0493068998509223,-0.0783179848281968,-0.0202958148736477,0.000868483120271581,"RD","aki2_7d","hemoglobin","quartile",4197,28,FALSE,4.95899720546365e-11,1.21804102793034e-13,5.95079664655638e-10,2.92329846703282e-12,1.21804102793034e-13,2.92329846703282e-12
"aki2_7d__hemoglobin__quartile","treated:modifierQ3",-0.0582555411939298,-0.0872640634593388,-0.0292470189285208,8.34808860614856e-05,"RD","aki2_7d","hemoglobin","quartile",4197,28,FALSE,4.95899720546365e-11,1.21804102793034e-13,5.95079664655638e-10,2.92329846703282e-12,1.21804102793034e-13,2.92329846703282e-12
"aki2_7d__hemoglobin__quartile","treated:modifierQ4",-0.119300776152208,-0.148798443920136,-0.0898031083842803,2.53234277300878e-15,"RD","aki2_7d","hemoglobin","quartile",4197,28,FALSE,4.95899720546365e-11,1.21804102793034e-13,5.95079664655638e-10,2.92329846703282e-12,1.21804102793034e-13,2.92329846703282e-12
"aki2_7d__hypertension__factor","treated:modifier1",1.43844207167514,0.920306465764431,2.24828974970463,0.110593520797939,"OR","aki2_7d","hypertension","factor",4202,45,FALSE,0.110593520797939,0.0349899499460836,0.147458027730586,0.0466532665947781,0.110593520797939,0.147458027730586
"aki2_7d__hypertension__factor","treated:modifier1",0.0256018099547511,0.00180282968242431,0.0494007902270779,0.0350194821383169,"RD","aki2_7d","hypertension","factor",4202,45,FALSE,0.110593520797939,0.0349899499460836,0.147458027730586,0.0466532665947781,0.0349899499460836,0.0466532665947781
"aki2_7d__lactate__linear","treated:modifier",1.31457962927939,1.14871047678008,1.50439961735213,7.04728933369943e-05,"OR","aki2_7d","lactate","linear",4005,38,FALSE,7.04728933369942e-05,1.23180984715507e-05,0.00024162134858398,4.22334804738883e-05,7.04728933369942e-05,0.00024162134858398
"aki2_7d__lactate__linear","treated:modifier",0.0195735106039757,0.0107983207512586,0.0283487004566929,1.247378929884e-05,"RD","aki2_7d","lactate","linear",4005,38,FALSE,7.04728933369942e-05,1.23180984715507e-05,0.00024162134858398,4.22334804738883e-05,1.23180984715507e-05,4.22334804738883e-05
"aki2_7d__lactate__quartile","treated:modifierQ2",1.18181786628025,0.719916266252177,1.94007766532389,0.508890722363072,"OR","aki2_7d","lactate","quartile",4005,38,FALSE,0.0106612814953486,0.00303187259882737,0.0196823658375666,0.00485099615812379,0.0106612814953486,0.0196823658375666
"aki2_7d__lactate__quartile","treated:modifierQ3",1.10034184987613,0.643288727424611,1.88212871603711,0.726977606611752,"OR","aki2_7d","lactate","quartile",4005,38,FALSE,0.0106612814953486,0.00303187259882737,0.0196823658375666,0.00485099615812379,0.0106612814953486,0.0196823658375666
"aki2_7d__lactate__quartile","treated:modifierQ4",2.26647009561593,1.34953299801412,3.80641799932302,0.00198007632426325,"OR","aki2_7d","lactate","quartile",4005,38,FALSE,0.0106612814953486,0.00303187259882737,0.0196823658375666,0.00485099615812379,0.0106612814953486,0.0196823658375666
"aki2_7d__lactate__quartile","treated:modifierQ2",0.00924153626562995,-0.019285809032019,0.0377688815632789,0.525479792643979,"RD","aki2_7d","lactate","quartile",4005,38,FALSE,0.0106612814953486,0.00303187259882737,0.0196823658375666,0.00485099615812379,0.00303187259882737,0.00485099615812379
"aki2_7d__lactate__quartile","treated:modifierQ3",0.00492593442680844,-0.0257754827353769,0.0356273515889937,0.753168417817403,"RD","aki2_7d","lactate","quartile",4005,38,FALSE,0.0106612814953486,0.00303187259882737,0.0196823658375666,0.00485099615812379,0.00303187259882737,0.00485099615812379
"aki2_7d__lactate__quartile","treated:modifierQ4",0.0540075026918493,0.023036989238912,0.0849780161447865,0.000634163455712827,"RD","aki2_7d","lactate","quartile",4005,38,FALSE,0.0106612814953486,0.00303187259882737,0.0196823658375666,0.00485099615812379,0.00303187259882737,0.00485099615812379
"aki2_7d__map__linear","treated:modifier",0.947846561794222,0.811715186112046,1.10680829935971,0.498329856172522,"OR","aki2_7d","map","linear",4184,47,FALSE,0.498329856172522,0.489186944296387,0.591307357511374,0.587024333155665,0.498329856172522,0.591307357511374
"aki2_7d__map__linear","treated:modifier",-0.00324565472947473,-0.0124438322693911,0.00595252281044164,0.4892061404858,"RD","aki2_7d","map","linear",4184,47,FALSE,0.498329856172522,0.489186944296387,0.591307357511374,0.587024333155665,0.489186944296387,0.587024333155665
"aki2_7d__map__quartile","treated:modifierQ2",0.878535349878376,0.528720613436786,1.45979623523455,0.617185591483514,"OR","aki2_7d","map","quartile",4184,47,FALSE,0.924366635335994,0.851151947144648,0.964556489046255,0.851151947144648,0.924366635335994,0.964556489046255
"aki2_7d__map__quartile","treated:modifierQ3",0.844328408409648,0.504617549749126,1.41273418176198,0.519366419082762,"OR","aki2_7d","map","quartile",4184,47,FALSE,0.924366635335994,0.851151947144648,0.964556489046255,0.851151947144648,0.924366635335994,0.964556489046255
"aki2_7d__map__quartile","treated:modifierQ4",0.889594480152836,0.543579183235293,1.45586579384487,0.641575269593054,"OR","aki2_7d","map","quartile",4184,47,FALSE,0.924366635335994,0.851151947144648,0.964556489046255,0.851151947144648,0.924366635335994,0.964556489046255
"aki2_7d__map__quartile","treated:modifierQ2",-0.00926377192684197,-0.0397375208402388,0.0212099769865549,0.551308894962651,"RD","aki2_7d","map","quartile",4184,47,FALSE,0.924366635335994,0.851151947144648,0.964556489046255,0.851151947144648,0.851151947144648,0.851151947144648
"aki2_7d__map__quartile","treated:modifierQ3",-0.01327983618387,-0.0433136424969826,0.0167539701292425,0.386164508168939,"RD","aki2_7d","map","quartile",4184,47,FALSE,0.924366635335994,0.851151947144648,0.964556489046255,0.851151947144648,0.851151947144648,0.851151947144648
"aki2_7d__map__quartile","treated:modifierQ4",-0.00861992105835469,-0.0381560314688482,0.0209161893521388,0.567328406472824,"RD","aki2_7d","map","quartile",4184,47,FALSE,0.924366635335994,0.851151947144648,0.964556489046255,0.851151947144648,0.851151947144648,0.851151947144648
"aki2_7d__sex__factor","treated:modifier1",2.21980278082517,1.51519501797243,3.2520727215385,4.26170013315273e-05,"OR","aki2_7d","sex","factor",4202,59,FALSE,4.26170013315273e-05,5.14294573940957e-07,0.000170468005326109,2.05717829576383e-06,4.26170013315273e-05,0.000170468005326109
"aki2_7d__sex__factor","treated:modifier1",0.061884852132231,0.0377269785524133,0.0860427257120486,5.2486886032269e-07,"RD","aki2_7d","sex","factor",4202,59,FALSE,4.26170013315273e-05,5.14294573940957e-07,0.000170468005326109,2.05717829576383e-06,5.14294573940957e-07,2.05717829576383e-06
"aki2_7d__surg_aortic__factor","treated:modifier1",2.14072490707774,1.17515009648038,3.89967472368709,0.0128663436044961,"OR","aki2_7d","surg_aortic","factor",4202,17,TRUE,0.0128663436044961,0.00103677376428119,0.0207580320403262,0.00177732645305347,0.0128663436044961,0.0207580320403262
"aki2_7d__surg_aortic__factor","treated:modifier1",0.077024815925825,0.0310027409699054,0.123046890881745,0.00104099871113839,"RD","aki2_7d","surg_aortic","factor",4202,17,TRUE,0.0128663436044961,0.00103677376428119,0.0207580320403262,0.00177732645305347,0.00103677376428119,0.00177732645305347
"aki2_7d__surg_cabg__factor","treated:modifier1",0.486741853512454,0.310940445919991,0.761938934189672,0.00163739362588335,"OR","aki2_7d","surg_cabg","factor",4202,51,FALSE,0.00163739362588336,0.000527580485724661,0.00436638300235561,0.00107009463161904,0.00163739362588336,0.00436638300235561
"aki2_7d__surg_cabg__factor","treated:modifier1",-0.0437669785692726,-0.0685144317448142,-0.0190195253937309,0.000530219685124666,"RD","aki2_7d","surg_cabg","factor",4202,51,FALSE,0.00163739362588336,0.000527580485724661,0.00436638300235561,0.00107009463161904,0.000527580485724661,0.00107009463161904
"aki2_7d__surg_combined__factor","treated:modifier1",2.33954218049978,1.14658311443229,4.77371203660865,0.0194949211795339,"OR","aki2_7d","surg_combined","factor",4202,11,TRUE,0.0194949211795339,0.00837724831226917,0.0292423817693009,0.0125658724684038,0.0194949211795339,0.0292423817693009
"aki2_7d__surg_combined__factor","treated:modifier1",0.0568018825638727,0.0145743975026972,0.0990293676250482,0.00839265917708247,"RD","aki2_7d","surg_combined","factor",4202,11,TRUE,0.0194949211795339,0.00837724831226917,0.0292423817693009,0.0125658724684038,0.00837724831226917,0.0125658724684038
"aki2_7d__surg_valve__factor","treated:modifier1",1.56747278390829,0.939589179860658,2.61494170107149,0.0851862542494642,"OR","aki2_7d","surg_valve","factor",4202,26,FALSE,0.0851862542494646,0.0267174765715923,0.120262947175715,0.0377187904540126,0.0851862542494646,0.120262947175715
"aki2_7d__surg_valve__factor","treated:modifier1",0.0387574859355149,0.00447153359277621,0.0730434382782536,0.0267441879127594,"RD","aki2_7d","surg_valve","factor",4202,26,FALSE,0.0851862542494646,0.0267174765715923,0.120262947175715,0.0377187904540126,0.0267174765715923,0.0377187904540126
"aki2_7d__vaso_at_t0__factor","treated:modifier1",1.20313888130421,0.838294305741684,1.72677203911724,0.315772039962223,"OR","aki2_7d","vaso_at_t0","factor",4202,91,FALSE,0.315772039962223,0.161930927565891,0.398869945215439,0.204544329556915,0.315772039962223,0.398869945215439
"aki2_7d__vaso_at_t0__factor","treated:modifier1",0.0150121761020057,-0.00602580631325033,0.0360501585172617,0.161967845830938,"RD","aki2_7d","vaso_at_t0","factor",4202,91,FALSE,0.315772039962223,0.161930927565891,0.398869945215439,0.204544329556915,0.161930927565891,0.204544329556915
"aki2_7d__vent_at_t0__factor","treated:modifier1",2.56091605382909,1.73423406363993,3.78166429333914,2.26327364143218e-06,"OR","aki2_7d","vent_at_t0","factor",4202,76,FALSE,2.26327364143218e-06,4.78148867570982e-10,1.81061891314575e-05,3.82519094056786e-09,2.26327364143218e-06,1.81061891314575e-05
"aki2_7d__vent_at_t0__factor","treated:modifier1",0.0647172949323712,0.0443440868904044,0.0850905029743381,5.01089758897036e-10,"RD","aki2_7d","vent_at_t0","factor",4202,76,FALSE,2.26327364143218e-06,4.78148867570982e-10,1.81061891314575e-05,3.82519094056786e-09,4.78148867570982e-10,3.82519094056786e-09
