"outcome","modifier","egfr_stratum","modifier_level","events_trt","events_ctl","sparse_lt20","n","rate_trt","rate_ctl","or","or_ci_lo","or_ci_hi","or_p","rd","rd_ci_lo","rd_ci_hi","rd_p"
"aki1_48h","alb_cat","G1","normal",244,222,FALSE,857,0.284714119019837,0.25904317386231,1.1385447437638,0.920015232466068,1.40898116445043,0.23275097790948,0.0256709451575262,-0.0164640383213459,0.0678059286363982,0.232588789059914
"aki1_48h","alb_cat","G1","low",42,36,FALSE,143,0.293706293706294,0.251748251748252,1.23597359735787,0.732258142368028,2.08619152861255,0.427640865603124,0.041958041958042,-0.0615222062456692,0.145438290161753,0.427440353467437
"aki1_48h","alb_cat","G1","missing",345,386,FALSE,1380,0.25,0.279710144927536,0.858376511226881,0.724641707600988,1.01679247453935,0.0771811898798291,-0.0297101449275362,-0.0626281357815955,0.00320784592652297,0.0770045887979524
"aki1_48h","alb_cat","G2","normal",221,137,FALSE,652,0.338957055214724,0.210122699386503,1.92753230477326,1.50299692849701,2.47198162251726,2.33885447650819e-07,0.128834355828221,0.0808590112751677,0.176809700381274,1.65203168298084e-07
"aki1_48h","alb_cat","G2","low",61,33,FALSE,137,0.445255474452555,0.240875912408759,2.52950558213045,1.50610766725736,4.24830085466642,0.000451340281933634,0.204379562043796,0.0941878337479392,0.314571290339652,0.000331927662144314
"aki1_48h","alb_cat","G2","missing",342,197,FALSE,850,0.402352941176471,0.231764705882353,2.23156401134668,1.80830909924576,2.75388645603496,7.38538123819266e-14,0.170588235294118,0.127071362610167,0.214105107978068,2.60394050047833e-14
"aki1_48h","alb_cat","G3plus","normal",147,52,FALSE,248,0.592741935483871,0.209677419354839,5.48591012947128,3.68523248737618,8.16643456056766,5.03892213106881e-17,0.383064516129033,0.303491759417356,0.462637272840709,1.52566082117083e-19
"aki1_48h","alb_cat","G3plus","low",75,39,FALSE,124,0.604838709677419,0.314516129032258,3.33594976451917,1.97355630701718,5.63883624289147,6.84525745189098e-06,0.290322580645161,0.17116534527974,0.409479816010583,3.0813367855345e-06
"aki1_48h","alb_cat","G3plus","missing",181,78,FALSE,299,0.605351170568562,0.260869565217391,4.34604519772721,3.06999785500964,6.15248275495243,1.18155981035151e-16,0.344481605351171,0.26988004694525,0.419083163757091,2.00270975845172e-18
"aki1_48h","baseline_cr","G1","Q1",450,369,FALSE,1414,0.318246110325318,0.260961810466761,1.3219815808084,1.12294147029648,1.55630132667132,0.000800204712875739,0.0572842998585572,0.0239044110390349,0.0906641886780795,0.000779530414392107
"aki1_48h","baseline_cr","G1","Q2",173,263,FALSE,923,0.187432286023835,0.284940411700975,0.578859315588236,0.465173747568771,0.720328928695064,9.55109857157997e-07,-0.0975081256771398,-0.136024605856877,-0.0589916454974026,7.62172192052989e-07
"aki1_48h","baseline_cr","G1","Q3",8,12,TRUE,43,0.186046511627907,0.27906976744186,0.59047619047486,0.211036108770779,1.65214442944647,0.315583270467921,-0.0930232558139535,-0.272615165462404,0.086568653834497,0.312915523890649
"aki1_48h","baseline_cr","G2","Q1",55,25,FALSE,111,0.495495495495495,0.225225225225225,3.37857142856594,1.8860650746189,6.05214796219511,4.25350863262092e-05,0.270270270270271,0.148515048960358,0.392025491580183,2.07645641574828e-05
"aki1_48h","baseline_cr","G2","Q2",214,118,FALSE,536,0.399253731343284,0.220149253731343,2.35424781555659,1.8009905470139,3.07746355817502,3.73741413544737e-10,0.17910447761194,0.124744169614374,0.233464785609507,1.60942487779538e-10
"aki1_48h","baseline_cr","G2","Q3",237,169,FALSE,729,0.325102880658436,0.231824417009602,1.59618992639348,1.26607914885289,2.01237204121753,7.62837791816063e-05,0.093278463648834,0.0474795639246488,0.139077363373019,6.88039902745432e-05
"aki1_48h","baseline_cr","G2","Q4",118,55,FALSE,263,0.448669201520913,0.209125475285171,3.07761755485722,2.09497324054466,4.52116983198449,1.0120102688017e-08,0.239543726235742,0.161748538442944,0.31733891402854,3.00666144353827e-09
"aki1_48h","baseline_cr","G3plus","Q3",60,33,FALSE,111,0.540540540540541,0.297297297297297,2.78074866309799,1.59669100014883,4.84286760970062,0.00030249214151504,0.243243243243243,0.116872898194088,0.369613588292399,0.00020764536922002
"aki1_48h","baseline_cr","G3plus","Q4",343,136,FALSE,560,0.6125,0.242857142857143,4.92789373812688,3.80900227499346,6.37545870048394,6.65776268039867e-34,0.369642857142857,0.315840001116091,0.423445713169622,2.05566674448668e-38
"aki1_48h","age","G1","Q1",154,228,FALSE,840,0.183333333333333,0.271428571428571,0.602577873252981,0.47790279124721,0.759778138952656,1.84480106069468e-05,-0.0880952380952382,-0.127982876599786,-0.0482075995906905,1.58758850987877e-05
"aki1_48h","age","G1","Q2",168,184,FALSE,730,0.23013698630137,0.252054794520548,0.887049357882438,0.697639058588952,1.12788490499822,0.328072829588247,-0.0219178082191781,-0.065816652072962,0.0219810356346057,0.327945682638863
"aki1_48h","age","G1","Q3",181,158,FALSE,547,0.330895795246801,0.288848263254113,1.21755896797216,0.941654930002966,1.57430263810626,0.133236289076245,0.0420475319926874,-0.0127525837132294,0.0968476476986043,0.132899700476334
"aki1_48h","age","G1","Q4",128,74,FALSE,263,0.486692015209125,0.281368821292776,2.42162162161642,1.6857527005091,3.47871385672949,1.70401775280527e-06,0.20532319391635,0.12391167848367,0.286734709349029,1.03606413826372e-06
"aki1_48h","age","G2","Q1",88,75,FALSE,338,0.260355029585799,0.22189349112426,1.23434666666864,0.866475024745518,1.75840231974773,0.243549603072404,0.0384615384615385,-0.0260626562860498,0.102985733209127,0.243092614130501
"aki1_48h","age","G2","Q2",134,93,FALSE,378,0.354497354497354,0.246031746031746,1.68297197249657,1.22775084097986,2.30697839143688,0.00121569340621438,0.108465608465608,0.0434888386093059,0.173442378321911,0.00111718745604512
"aki1_48h","age","G2","Q3",130,80,FALSE,355,0.366197183098592,0.225352112676056,1.9861111111079,1.4278173736426,2.76270440357705,4.59955766135525e-05,0.140845070422535,0.0744137289876402,0.20727641185743,3.64266668413695e-05
"aki1_48h","age","G2","Q4",272,119,FALSE,568,0.47887323943662,0.209507042253521,3.46718146717946,2.67101597919576,4.50066469837157,9.52856033186056e-21,0.269366197183099,0.216329530991702,0.322402863374495,1.94345562708717e-22
"aki1_48h","age","G3plus","Q1",71,34,FALSE,124,0.57258064516129,0.274193548387097,3.54605993339841,2.08006208261117,6.04527199278029,3.30286594312383e-06,0.298387096774193,0.180661875308372,0.416112318240015,1.26808899769592e-06
"aki1_48h","age","G3plus","Q2",73,31,FALSE,120,0.608333333333333,0.258333333333333,4.45916266299278,2.5692566730987,7.73925465027489,1.06946468162967e-07,0.35,0.232199626042295,0.467800373957705,1.85781279869034e-08
"aki1_48h","age","G3plus","Q3",111,49,FALSE,195,0.569230769230769,0.251282051282051,3.9373177842448,2.55796655334467,6.06046678517359,4.71565181324934e-10,0.317948717948718,0.225314200338208,0.410583235559227,6.21609099845852e-11
"aki1_48h","age","G3plus","Q4",148,55,FALSE,232,0.637931034482759,0.237068965517241,5.67012987011588,3.78220475270422,8.5004315858345,4.48225965414209e-17,0.400862068965517,0.318103007446315,0.483621130484719,1.19945156194614e-19
"aki1_48h","hemoglobin","G1","Q1",208,146,FALSE,593,0.350758853288364,0.246205733558179,1.65408290339332,1.28573709182093,2.12795467183979,9.02287146542932e-05,0.104553119730185,0.0527642908025068,0.156341948657864,8.04361360760445e-05
"aki1_48h","hemoglobin","G1","Q2",185,171,FALSE,636,0.290880503144654,0.268867924528302,1.11545493445241,0.87292938323703,1.42536124305989,0.382380965165659,0.0220125786163522,-0.0273547100231531,0.0713798672558575,0.382309472227787
"aki1_48h","hemoglobin","G1","Q3",141,176,FALSE,598,0.235785953177258,0.294314381270903,0.739780186990933,0.571407142042098,0.957766686479427,0.0221669116779414,-0.0585284280936454,-0.108488153441456,-0.00856870274583494,0.0218390741453917
"aki1_48h","hemoglobin","G1","Q4",97,151,FALSE,551,0.176043557168784,0.274047186932849,0.565977185866649,0.424113992802096,0.75529263442861,0.000110485983349134,-0.0980036297640653,-0.147021270110696,-0.048985989417435,9.45087934585229e-05
"aki1_48h","hemoglobin","G2","Q1",229,100,FALSE,487,0.470225872689938,0.205338809034908,3.43499999999869,2.58795779495964,4.55928030316855,1.31820956901779e-17,0.264887063655031,0.207799904256158,0.321974223053904,5.23450540301355e-19
"aki1_48h","hemoglobin","G2","Q2",146,93,FALSE,398,0.366834170854271,0.233668341708543,1.9000682710318,1.39449924807788,2.58892892165987,4.76489402440981e-05,0.133165829145729,0.0700761547660041,0.196255503525453,3.89337872502207e-05
"aki1_48h","hemoglobin","G2","Q3",147,95,FALSE,399,0.368421052631579,0.238095238095238,1.86666666666201,1.37223003386975,2.53925679982442,7.02190835163478e-05,0.130325814536341,0.0671045155364685,0.193547113536213,5.85351360423674e-05
"aki1_48h","hemoglobin","G2","Q4",102,78,FALSE,353,0.288951841359773,0.220963172804533,1.43273061599816,1.0184009766175,2.01562750345774,0.0389516924740482,0.0679886685552408,0.00379398262919456,0.132183354481287,0.0382713347693717
"aki1_48h","hemoglobin","G3plus","Q1",169,68,FALSE,260,0.65,0.261538461538462,5.24369747897578,3.59737421601463,7.64345369703542,6.76384727372315e-18,0.388461538461539,0.30947384035036,0.467449236572717,2.46162199396314e-20
"aki1_48h","hemoglobin","G3plus","Q2",130,52,FALSE,203,0.640394088669951,0.25615763546798,5.17123287669659,3.37379252603662,7.92628748171501,4.66921530560574e-14,0.38423645320197,0.294775413809751,0.47369749259419,6.71770423727642e-16
"aki1_48h","hemoglobin","G3plus","Q3",70,28,FALSE,123,0.569105691056911,0.227642276422764,4.48113207546361,2.57370901263566,7.80218143510517,1.14936750628059e-07,0.341463414634146,0.226319560889012,0.45660726837928,1.91655230294466e-08
"aki1_48h","hemoglobin","G3plus","Q4",32,21,FALSE,83,0.385542168674699,0.253012048192771,1.85247432305699,0.950240697519124,3.61135986550017,0.0702734882316801,0.132530120481928,-0.00872399420755879,0.273784235171414,0.067731217723789
"aki1_48h","map","G1","Q1",168,147,FALSE,562,0.298932384341637,0.261565836298932,1.20377084843881,0.927228667537125,1.56279061064845,0.163727511304872,0.0373665480427047,-0.0151476526245272,0.0898807487099366,0.163400308082842
"aki1_48h","map","G1","Q2",141,158,FALSE,558,0.252688172043011,0.283154121863799,0.85602404152709,0.656403758966861,1.11635125433425,0.251161910384051,-0.0304659498207886,-0.0824498488459914,0.0215179492044143,0.25093139146207
"aki1_48h","map","G1","Q3",148,140,FALSE,583,0.253859348198971,0.240137221269297,1.07658456486085,0.824725035907977,1.40535848292831,0.587319520058056,0.0137221269296741,-0.0358228420970279,0.0632670959563762,0.587338643983455
"aki1_48h","map","G1","Q4",174,197,FALSE,667,0.260869565217391,0.295352323838081,0.842042400717955,0.662331267746664,1.07051476977538,0.160415358177733,-0.0344827586206897,-0.0825729453938528,0.0136074281524735,0.160133959311392
"aki1_48h","map","G2","Q1",175,96,FALSE,464,0.377155172413793,0.206896551724138,2.3212226066887,1.73157523095447,3.11166058134978,1.78215242021317e-08,0.170258620689655,0.112721018292469,0.227796223086841,9.10561542250803e-09
"aki1_48h","map","G2","Q2",154,80,FALSE,380,0.405263157894737,0.210526315789474,2.55530973451166,1.8536834731407,3.52250421061743,1.01362003606257e-08,0.194736842105263,0.130489331578799,0.258984352631728,4.32003179364697e-09
"aki1_48h","map","G2","Q3",143,96,FALSE,379,0.377308707124011,0.253298153034301,1.78623764123757,1.30823678121192,2.43888947077165,0.000261276650400322,0.12401055408971,0.0583602638458669,0.189660844333553,0.000229135124143993
"aki1_48h","map","G2","Q4",149,94,FALSE,409,0.364303178484108,0.229828850855746,1.9204173486051,1.41367311044655,2.60880875894887,2.98126142495373e-05,0.134474327628362,0.0724485894968304,0.196500065759893,2.39113730583056e-05
"aki1_48h","map","G3plus","Q1",145,57,FALSE,218,0.665137614678899,0.261467889908257,5.61043018503406,3.70955294178359,8.48536935720531,3.07096234636647e-16,0.403669724770642,0.317870145485725,0.489469304055559,1.28388843150392e-18
"aki1_48h","map","G3plus","Q2",101,45,FALSE,170,0.594117647058824,0.264705882352941,4.06602254427171,2.56833778804024,6.43705800985816,2.17326747290048e-09,0.329411764705882,0.22988368104013,0.428939848371634,3.1112864898739e-10
"aki1_48h","map","G3plus","Q3",71,34,FALSE,135,0.525925925925926,0.251851851851852,3.29549632351954,1.96542014555926,5.52568673057969,6.11393151838764e-06,0.274074074074074,0.162048566670123,0.386099581478025,2.69859754098045e-06
"aki1_48h","map","G3plus","Q4",86,32,FALSE,147,0.585034013605442,0.217687074829932,5.06659836065029,3.03418017814602,8.46041350248015,5.5411736539206e-10,0.36734693877551,0.26309341334501,0.47160046420601,3.11332230854217e-11
"aki1_48h","heart_failure","G1","0",489,526,FALSE,1944,0.251543209876543,0.270576131687243,0.906017012269506,0.785100673884188,1.04555613544519,0.17687219202637,-0.0190329218106996,-0.046645520439382,0.00857967681798275,0.176775176252802
"aki1_48h","heart_failure","G1","1",142,118,FALSE,436,0.325688073394495,0.270642201834862,1.30162573503673,0.972533945131748,1.74207755173048,0.0762757655783377,0.055045871559633,-0.0056396182092671,0.115731361328533,0.0757771521955391
"aki1_48h","heart_failure","G2","0",418,267,FALSE,1132,0.369257950530035,0.235865724381625,1.89663131169623,1.57971095486841,2.27713197874621,6.80982930050537e-12,0.13339222614841,0.0959317596190651,0.170852692677755,3.88186389785177e-12
"aki1_48h","heart_failure","G2","1",206,100,FALSE,507,0.406311637080868,0.19723865877712,2.785448504983,2.10136761904363,3.69222562658654,1.04429242847546e-12,0.209072978303748,0.153995916824367,0.264150039783129,2.1433772212576e-13
"aki1_48h","heart_failure","G3plus","0",210,91,FALSE,351,0.598290598290598,0.259259259259259,4.25531914892343,3.08795911149271,5.86398342899081,8.61187001553195e-19,0.339031339031339,0.270141323746894,0.407921354315785,9.34644965126648e-21
"aki1_48h","heart_failure","G3plus","1",193,78,FALSE,320,0.603125,0.24375,4.7149202503402,3.35574035259217,6.62461055721905,3.96465234557235e-19,0.359375,0.28794336967057,0.43080663032943,1.91420670380087e-21
"aki1_48h","diabetes","G1","0",429,463,FALSE,1720,0.249418604651163,0.269186046511628,0.902163675085903,0.774456302100143,1.05092991617138,0.186130723647969,-0.0197674418604652,-0.0490592616600214,0.00952437793909094,0.186024318848126
"aki1_48h","diabetes","G1","1",202,181,FALSE,660,0.306060606060606,0.274242424242424,1.16719341841594,0.919807445528192,1.48111486009029,0.203315593708663,0.0318181818181818,-0.0171548066636842,0.0807911703000478,0.203090299478282
"aki1_48h","diabetes","G2","0",382,238,FALSE,1069,0.35734331150608,0.222637979420019,1.94147003779406,1.60405644769167,2.34985864311468,9.66870032955847e-12,0.134705332086062,0.0966450757319615,0.172765588440162,5.29059407009632e-12
"aki1_48h","diabetes","G2","1",242,129,FALSE,570,0.424561403508772,0.226315789473684,2.52226318774386,1.95008956434962,3.26231764148204,1.81566425042659e-12,0.198245614035088,0.145032675440795,0.25145855262938,5.31455812717203e-13
"aki1_48h","diabetes","G3plus","0",192,88,FALSE,356,0.539325842696629,0.247191011235955,3.5654101995462,2.59182770155309,4.90470484724373,5.58177868974616e-15,0.292134831460674,0.223561172821406,0.360708490099942,3.57034104028295e-16
"aki1_48h","diabetes","G3plus","1",211,81,FALSE,315,0.66984126984127,0.257142857142857,5.861111111092,4.14889494212217,8.27994536757171,1.10528343112089e-23,0.412698412698412,0.341686415244893,0.483710410151931,1.86435414118744e-27
"aki1_48h","hypertension","G1","0",159,175,FALSE,673,0.236255572065379,0.260029717682021,0.880289049471415,0.687097219949052,1.1278008236982,0.313158107337135,-0.0237741456166419,-0.0699420686685872,0.0223937774353035,0.313012028121173
"aki1_48h","hypertension","G1","1",472,469,FALSE,1707,0.276508494434681,0.274751025190393,1.00884127655525,0.868153107580388,1.17232860470685,0.908545708570659,0.00175746924428815,-0.0282289127455468,0.0317438512341231,0.90855217392625
"aki1_48h","hypertension","G2","0",86,69,FALSE,303,0.283828382838284,0.227722772277228,1.34401923462259,0.930868399944327,1.94054036332476,0.114628108749735,0.0561056105610561,-0.0133407525090471,0.125551973631159,0.113835304875787
"aki1_48h","hypertension","G2","1",538,298,FALSE,1336,0.402694610778443,0.223053892215569,2.34833728616501,1.98314963616497,2.7807725191414,4.17346067173913e-23,0.179640718562874,0.145132086541398,0.21414935058435,5.26182799798903e-24
"aki1_48h","hypertension","G3plus","0",30,22,FALSE,74,0.405405405405405,0.297297297297297,1.61157024793179,0.811792219961447,3.19928991699658,0.172564003574393,0.108108108108108,-0.0457722801145115,0.261988496330728,0.170622726192923
"aki1_48h","hypertension","G3plus","1",373,147,FALSE,597,0.624790619765494,0.246231155778894,5.09748542272585,3.97212289411714,6.54168018652856,1.6886981425989e-37,0.3785594639866,0.326527237305581,0.430591690667618,1.02344554136613e-42
"aki1_48h","ckd","G1","0",601,626,FALSE,2315,0.259611231101512,0.270410367170626,0.946060632043864,0.830247377068453,1.07802896368493,0.405260822196269,-0.0107991360691143,-0.0362281284111026,0.014629856272874,0.405243603836006
"aki1_48h","ckd","G1","1",30,18,TRUE,65,0.461538461538462,0.276923076923077,2.23809523808991,1.07239518405665,4.67091830440014,0.0318569753565072,0.184615384615385,0.0204914597235717,0.348739309507198,0.02926090871123
"aki1_48h","ckd","G2","0",481,303,FALSE,1371,0.350838803792852,0.221006564551422,1.90495049504711,1.60856442938159,2.25594718016694,8.07263727787661e-14,0.12983223924143,0.0963450362409694,0.16331944224189,4.06860363385068e-14
"aki1_48h","ckd","G2","1",143,64,FALSE,268,0.533582089552239,0.238805970149254,3.64649999999071,2.51854299294861,5.27962488119559,7.28974039738834e-12,0.294776119402985,0.216060190075591,0.37349204873038,8.01752229070558e-13
"aki1_48h","ckd","G3plus","0",119,80,FALSE,263,0.452471482889734,0.304182509505703,1.89036458333148,1.32095538571517,2.70522252042547,0.000497323495113065,0.14828897338403,0.066216165725649,0.230361781042412,0.000433618560994468
"aki1_48h","ckd","G3plus","1",284,89,FALSE,408,0.696078431372549,0.218137254901961,8.20913374409294,5.98397069723287,11.2617324245201,6.26125719435257e-39,0.477941176470588,0.4178859014676,0.537996451473576,3.44865704229501e-48
"aki1_48h","surg_cabg","G1","0",497,504,FALSE,1822,0.272777167947311,0.276619099890231,0.980901467505422,0.848056473031968,1.1345561522741,0.79508239864,-0.00384193194291994,-0.0328353439098984,0.0251514800240585,0.795093974702545
"aki1_48h","surg_cabg","G1","1",134,140,FALSE,558,0.240143369175627,0.25089605734767,0.943598382748982,0.718213328941754,1.23971231394218,0.676749079445593,-0.010752688172043,-0.0612975155368738,0.0397921391927879,0.676786586961825
"aki1_48h","surg_cabg","G2","0",526,288,FALSE,1313,0.400609291698401,0.219345011424219,2.37871488069743,2.00452259779655,2.82275913969301,3.2887438368482e-23,0.181264280274181,0.146558872158286,0.215969688390077,3.82655752605549e-24
"aki1_48h","surg_cabg","G2","1",98,79,FALSE,326,0.300613496932515,0.242331288343558,1.34388185653796,0.949601652753855,1.90186952507343,0.0952886198663809,0.058282208588957,-0.00994865055838075,0.126513067736295,0.0945694071797125
"aki1_48h","surg_cabg","G3plus","0",328,135,FALSE,553,0.593128390596745,0.244122965641953,4.51371193414375,3.48734633377029,5.84214857788592,2.34117909406988e-30,0.349005424954792,0.294565574759241,0.403445275150343,6.09368570100126e-34
"aki1_48h","surg_cabg","G3plus","1",75,34,FALSE,118,0.635593220338983,0.288135593220339,4.30916552666805,2.48766427942385,7.46439448836114,1.87576526251219e-07,0.347457627118644,0.227709526143507,0.467205728093781,3.83636732170797e-08
"aki1_48h","surg_combined","G1","0",571,607,FALSE,2209,0.258488003621548,0.274784970574921,0.920017379655418,0.805083335596147,1.05135945739239,0.220805022579307,-0.0162969669533723,-0.0423775458353372,0.00978361192859247,0.220736688413801
"aki1_48h","surg_combined","G1","1",60,37,FALSE,171,0.350877192982456,0.216374269005848,1.95763330898284,1.20872137837772,3.17056373866958,0.0063226701743209,0.134502923976608,0.0397481311625253,0.229257716790691,0.00570072319621361
"aki1_48h","surg_combined","G2","0",544,331,FALSE,1472,0.369565217391304,0.224864130434783,2.0207313261766,1.71878847887536,2.3757170488269,1.60361089895218e-17,0.144701086956522,0.112087390845687,0.177314783067357,5.60580036780004e-18
"aki1_48h","surg_combined","G2","1",80,36,FALSE,167,0.479041916167665,0.215568862275449,3.34610472541194,2.07226892946751,5.40297481384387,7.78995134521404e-07,0.263473053892216,0.16504189477613,0.361904213008301,2.77054095221551e-07
"aki1_48h","surg_combined","G3plus","0",357,152,FALSE,603,0.592039800995025,0.252072968490879,4.30592105261867,3.36859030637794,5.50406978143944,2.13111857615039e-31,0.339966832504146,0.28757992206849,0.392353742939802,7.2276072638439e-35
"aki1_48h","surg_combined","G3plus","1",46,17,TRUE,68,0.676470588235294,0.25,6.27272727270634,2.95263356467934,13.3261058562907,1.78589532530691e-06,0.426470588235294,0.273828904704541,0.579112271766047,2.07443599242356e-07
"aki1_48h","vent_at_t0","G1","0",235,296,FALSE,1127,0.20851818988465,0.262644188110027,0.739626257421564,0.608178725856191,0.899483946758084,0.00251863433507303,-0.0541259982253771,-0.0891086648414716,-0.0191433316092827,0.00245257163259728
"aki1_48h","vent_at_t0","G1","1",396,348,FALSE,1253,0.316041500399042,0.277733439744613,1.20166579487172,1.01205105529085,1.42680616260975,0.0360183748998606,0.0383080606544293,0.00254824440158775,0.0740678769072708,0.0358577533192507
"aki1_48h","vent_at_t0","G2","0",194,134,FALSE,636,0.30503144654088,0.210691823899371,1.64428986290319,1.27445785770374,2.12144257019025,0.000130435352755315,0.0943396226415095,0.0465007963895999,0.142178448893419,0.000116618979442971
"aki1_48h","vent_at_t0","G2","1",430,233,FALSE,1003,0.428713858424726,0.232303090727817,2.47998262288903,2.04521518194625,3.0071719905672,2.56536731085181e-20,0.196410767696909,0.156127554380354,0.236693981013465,3.42012569732994e-21
"aki1_48h","vent_at_t0","G3plus","0",100,51,FALSE,205,0.48780487804878,0.248780487804878,2.87581699345559,1.89014779860603,4.37549031136469,8.08478617573788e-07,0.239024390243902,0.148335833528031,0.329712946959774,3.75069758802678e-07
"aki1_48h","vent_at_t0","G3plus","1",303,118,FALSE,466,0.650214592274678,0.253218884120172,5.48216699592784,4.13147352513349,7.27443968560091,4.40522565119835e-32,0.396995708154507,0.338333937731415,0.455657478577598,6.65381714042712e-37
"aki1_48h","sex","G1","0",395,449,FALSE,1634,0.241738066095471,0.274785801713586,0.84139087668606,0.719163166587216,0.98439219395795,0.0310504477994721,-0.033047735618115,-0.0630479069418149,-0.0030475642944151,0.030914511808743
"aki1_48h","sex","G1","1",236,195,FALSE,746,0.316353887399464,0.261394101876676,1.30755153343074,1.04427324844816,1.63720655979435,0.0194052881800457,0.0549597855227882,0.00901663921478097,0.100902931830796,0.0191749908883059
"aki1_48h","sex","G2","0",414,263,FALSE,1158,0.357512953367876,0.227115716753022,1.893628112348,1.57746377890501,2.27315991392445,7.35200501391002e-12,0.130397236614853,0.0937162465633454,0.167078226666361,4.1870318959369e-12
"aki1_48h","sex","G2","1",210,104,FALSE,481,0.436590436590437,0.216216216216216,2.80904059040316,2.11788769730889,3.7257447826714,7.61827020245263e-13,0.22037422037422,0.162711817106514,0.278036623641927,1.55117992750873e-13
"aki1_48h","sex","G3plus","0",242,98,FALSE,403,0.600496277915633,0.24317617866005,4.67803270375183,3.4554795801967,6.33312669615774,1.80757577240773e-23,0.357320099255583,0.293670411320543,0.420969787190623,2.50087275363568e-26
"aki1_48h","sex","G3plus","1",161,71,FALSE,268,0.600746268656716,0.264925373134328,4.17493747530721,2.89566813876467,6.01937172612621,1.92505858682328e-14,0.335820895522388,0.256745684480965,0.414896106563812,7.17192325622871e-16
"aki1_48h","vaso_at_t0","G1","0",283,294,FALSE,1101,0.257039055404178,0.267029972752044,0.949640736490391,0.785250609120268,1.14844549998164,0.594167845376202,-0.00999091734786553,-0.0467397862705366,0.0267579515748056,0.594180628004682
"aki1_48h","vaso_at_t0","G1","1",348,350,FALSE,1279,0.272087568412823,0.273651290070367,0.992149762160574,0.833642199116369,1.18079573178838,0.929287510073662,-0.00156372165754492,-0.0361010402283954,0.0329735969133056,0.929294279730961
"aki1_48h","vaso_at_t0","G2","0",261,153,FALSE,686,0.380466472303207,0.223032069970845,2.13937716262664,1.6879973309401,2.71145846031603,3.16987560640719e-10,0.157434402332362,0.109541329116201,0.205327475548522,1.61877023731757e-10
"aki1_48h","vaso_at_t0","G2","1",363,214,FALSE,953,0.38090241343127,0.224554039874082,2.12463963250102,1.738266034088,2.59689453712557,1.85257656289615e-13,0.156348373557188,0.115675903643054,0.197020843471321,7.53736463028422e-14
"aki1_48h","vaso_at_t0","G3plus","0",155,73,FALSE,275,0.563636363636364,0.265454545454545,3.5742009132318,2.49603259971635,5.11808706729181,3.56649254183303e-12,0.298181818181818,0.21955513256927,0.376808503794366,4.10651530673109e-13
"aki1_48h","vaso_at_t0","G3plus","1",248,96,FALSE,396,0.626262626262626,0.242424242424242,5.23648648647217,3.85060258449477,7.12116873172553,4.77557483996914e-26,0.383838383838384,0.320100704329828,0.44757606334694,9.98263587530853e-30
"aki1_7d","alb_cat","G1","normal",259,227,FALSE,776,0.333762886597938,0.292525773195876,1.2115900783051,0.97715583474485,1.50226858976969,0.0802266439273232,0.0412371134020619,-0.00489417797308512,0.0873684047772089,0.0799614078459583
"aki1_7d","alb_cat","G1","low",47,35,FALSE,122,0.385245901639344,0.286885245901639,1.55771428571141,0.909741137404869,2.66721344802675,0.106254527332909,0.0983606557377049,-0.0200214989363713,0.216742810411781,0.104717236120354
"aki1_7d","alb_cat","G1","missing",382,394,FALSE,1250,0.3056,0.3152,0.956139324896814,0.807033118308861,1.13279416652671,0.604095982614831,-0.00960000000000007,-0.0458849023181405,0.0266849023181403,0.604111596758822
"aki1_7d","alb_cat","G2","normal",228,152,FALSE,593,0.384485666104553,0.256323777403035,1.81232876711782,1.41438714022287,2.32223234128476,2.58961180177087e-06,0.128161888701518,0.0755055503691849,0.18081822703385,2.0664391700378e-06
"aki1_7d","alb_cat","G2","low",55,30,FALSE,107,0.514018691588785,0.280373831775701,2.71474358973762,1.53552186364837,4.7995622416674,0.000592206046119459,0.233644859813084,0.105717147804182,0.361572571821986,0.00042640135758223
"aki1_7d","alb_cat","G2","missing",340,214,FALSE,769,0.442132639791938,0.278283485045514,2.05542121429497,1.66181741704759,2.54225062563105,3.069035348514e-11,0.163849154746424,0.116537443136058,0.21116086635679,1.62075301886264e-11
"aki1_7d","alb_cat","G3plus","normal",134,50,FALSE,218,0.614678899082569,0.229357798165138,5.35999999998965,3.52806639788818,8.14315740120026,3.58559341027404e-15,0.385321100917431,0.299751938187052,0.470890263647811,2.68510790962688e-17
"aki1_7d","alb_cat","G3plus","low",62,36,FALSE,103,0.601941747572815,0.349514563106796,2.81436314363126,1.5944748409161,4.96755401902688,0.000357848878028404,0.252427184466019,0.119810928748324,0.385043440183715,0.000247446288314233
"aki1_7d","alb_cat","G3plus","missing",167,76,FALSE,264,0.632575757575758,0.287878787878788,4.25881714594999,2.95293262668002,6.14220701101116,8.79657675160645e-15,0.34469696969697,0.264762956913275,0.424630982480665,2.8246853635728e-16
"aki1_7d","baseline_cr","G1","Q1",500,375,FALSE,1269,0.394011032308905,0.295508274231678,1.5500650195037,1.31422425379688,1.828227989057,1.94154715162679e-07,0.0985027580772262,0.0617046357098035,0.135300880444649,1.67739535863045e-07
"aki1_7d","baseline_cr","G1","Q2",181,271,FALSE,841,0.215219976218787,0.322235434007134,0.576819859107978,0.463312374148496,0.718135686474686,8.58823338135509e-07,-0.107015457788347,-0.149101707849614,-0.0649292077270804,6.8769431885062e-07
"aki1_7d","baseline_cr","G1","Q3",7,10,TRUE,38,0.184210526315789,0.263157894736842,0.632258064514289,0.208906851256913,1.91353350901711,0.417122953276666,-0.0789473684210527,-0.267985670158677,0.110090933316572,0.415672773171207
"aki1_7d","baseline_cr","G2","Q1",56,26,FALSE,91,0.615384615384615,0.285714285714286,3.99999999999235,2.14298254374688,7.46622973977368,1.33847989643808e-05,0.32967032967033,0.192506419699253,0.466834239641406,4.91717918923773e-06
"aki1_7d","baseline_cr","G2","Q2",209,133,FALSE,473,0.441860465116279,0.281183932346723,2.02380952380516,1.54387692487022,2.65293490864808,3.31327512063619e-07,0.160676532769556,0.100242422001624,0.221110643537488,2.3061887385725e-07
"aki1_7d","baseline_cr","G2","Q3",239,176,FALSE,657,0.363774733637747,0.267884322678843,1.56262233579386,1.23552932171632,1.97630968476724,0.00019531312065754,0.0958904109589041,0.0458518029636965,0.145929018954112,0.000180212531304975
"aki1_7d","baseline_cr","G2","Q4",119,61,FALSE,248,0.479838709677419,0.245967741935484,2.8279323929262,1.92942381479258,4.1448651963597,9.86086467337439e-08,0.233870967741935,0.151612097866465,0.316129837617406,4.13418141269094e-08
"aki1_7d","baseline_cr","G3plus","Q3",55,33,FALSE,97,0.56701030927835,0.34020618556701,2.53968253968222,1.41602903049149,4.55498246397392,0.00176540659195018,0.22680412371134,0.0896660358630076,0.363942211559673,0.00140171718646931
"aki1_7d","baseline_cr","G3plus","Q4",308,129,FALSE,488,0.631147540983607,0.264344262295082,4.76192937121789,3.62480670421336,6.25577394516232,3.61050221706283e-29,0.366803278688524,0.308748080524158,0.42485847685289,8.17916677796205e-33
"aki1_7d","age","G1","Q1",176,232,FALSE,776,0.22680412371134,0.298969072164948,0.687816091954383,0.547667291307243,0.863829160259262,0.0012856423094845,-0.0721649484536082,-0.115847470907953,-0.0284824259992629,0.00122924002367468
"aki1_7d","age","G1","Q2",193,188,FALSE,653,0.295558958652374,0.287901990811639,1.03775439407914,0.817283727857268,1.31769928327587,0.761025258160601,0.00765696784073498,-0.0416856337842348,0.0569995694657047,0.761060526521383
"aki1_7d","age","G1","Q3",185,161,FALSE,488,0.379098360655738,0.329918032786885,1.24008363569245,0.953257806276381,1.61321251542561,0.108864669417594,0.0491803278688524,-0.0108250998992416,0.109185755636946,0.108507527085862
"aki1_7d","age","G1","Q4",134,75,FALSE,231,0.58008658008658,0.324675324675325,2.87340206185468,1.9641139902691,4.20364574050995,5.39959435131345e-08,0.255411255411255,0.167486520705198,0.343335990117312,2.22025921812727e-08
"aki1_7d","age","G2","Q1",89,87,FALSE,316,0.281645569620253,0.275316455696203,1.03200162033487,0.728381929647091,1.46218254603023,0.859354287278896,0.00632911392405063,-0.0636754970084932,0.0763337248565945,0.859405487991074
"aki1_7d","age","G2","Q2",138,97,FALSE,346,0.398843930635838,0.280346820809249,1.7031126090367,1.23819960644527,2.3425888232892,0.00106191622959047,0.11849710982659,0.0483803755876098,0.18861384406557,0.000973255532219636
"aki1_7d","age","G2","Q3",135,84,FALSE,324,0.416666666666667,0.259259259259259,2.04081632652451,1.46285035797083,2.84713419654646,2.6790471154184e-05,0.157407407407407,0.085470944813355,0.22934387000146,2.07138539610578e-05
"aki1_7d","age","G2","Q4",261,128,FALSE,483,0.540372670807453,0.265010351966874,3.26066300674739,2.48862410755993,4.27220937516171,1.00324019112811e-17,0.27536231884058,0.215932023799586,0.334792613881574,5.92732875827075e-19
"aki1_7d","age","G3plus","Q1",67,34,FALSE,113,0.592920353982301,0.300884955752212,3.38427109974042,1.94783655080942,5.88000613900529,1.52158685637095e-05,0.292035398230088,0.167560654048503,0.416510142411674,7.11703690376896e-06
"aki1_7d","age","G3plus","Q2",66,29,FALSE,106,0.622641509433962,0.273584905660377,4.38103448274747,2.44574840793737,7.84768501810424,6.79685480910441e-07,0.349056603773585,0.223090480933049,0.475022726614121,1.54102996993059e-07
"aki1_7d","age","G3plus","Q3",104,51,FALSE,174,0.597701149425287,0.293103448275862,3.5831932773055,2.29234251998828,5.60094050107006,2.14214151342125e-08,0.304597701149425,0.204896247432932,0.404299154865919,5.32072513401172e-09
"aki1_7d","age","G3plus","Q4",126,48,FALSE,192,0.65625,0.25,5.72727272725517,3.67677568060312,8.92130925076731,1.18113639309865e-14,0.40625,0.31509938712357,0.497400612876429,7.71170121689096e-17
"aki1_7d","hemoglobin","G1","Q1",241,163,FALSE,569,0.423550087873462,0.286467486818981,1.83012868471901,1.4302240697977,2.34185053472432,1.5506685785592e-06,0.137082601054482,0.082002868234295,0.192162333874668,1.22389879961606e-06
"aki1_7d","hemoglobin","G1","Q2",205,177,FALSE,597,0.343383584589615,0.296482412060302,1.24092009685076,0.972337654568776,1.58369130263811,0.0828160200726496,0.0469011725293132,-0.00599250548993686,0.0997948505485633,0.0824787688127295
"aki1_7d","hemoglobin","G1","Q3",147,174,FALSE,532,0.276315789473684,0.327067669172932,0.785579937305732,0.604044686205549,1.02167248879212,0.0718489053976186,-0.0507518796992481,-0.105878880169842,0.00437512077134598,0.0714446581667438
"aki1_7d","hemoglobin","G1","Q4",95,142,FALSE,449,0.211581291759465,0.316258351893096,0.580190180631893,0.429059323224579,0.784555019505949,0.000406251722249783,-0.10467706013363,-0.16198923245163,-0.047364887815631,0.000362305194485665
"aki1_7d","hemoglobin","G2","Q1",242,115,FALSE,457,0.529540481400438,0.25164113785558,3.34738119311435,2.52920939183638,4.43022269653999,2.93672150265434e-17,0.277899343544858,0.217192801495518,0.338605885594198,1.62119642861584e-18
"aki1_7d","hemoglobin","G2","Q2",144,99,FALSE,367,0.392370572207084,0.269754768392371,1.7480635955925,1.27962368658834,2.38798825487732,0.000449413810637015,0.122615803814714,0.055013537287334,0.190218070342094,0.000402248922890575
"aki1_7d","hemoglobin","G2","Q3",145,101,FALSE,353,0.410764872521246,0.286118980169972,1.7393373952747,1.27076839479491,2.38068131611759,0.000547669525555446,0.124645892351275,0.0548557167169901,0.194436067985559,0.000493516218206296
"aki1_7d","hemoglobin","G2","Q4",92,80,FALSE,290,0.317241379310345,0.275862068965517,1.21969696969464,0.852956470866967,1.74412264716182,0.276424247227488,0.0413793103448276,-0.0330154619579828,0.115774082647638,0.276089584782146
"aki1_7d","hemoglobin","G3plus","Q1",159,66,FALSE,240,0.6625,0.275,5.17508417507059,3.5019959802096,7.64749484876996,1.57899071624345e-16,0.3875,0.305046088694716,0.469953911305285,1.01863341524363e-18
"aki1_7d","hemoglobin","G3plus","Q2",112,50,FALSE,172,0.651162790697674,0.290697674418605,4.55466666665889,2.88706511555604,7.18549378488063,7.12250787259402e-11,0.36046511627907,0.261797739531387,0.459132493026752,4.95072032753906e-12
"aki1_7d","hemoglobin","G3plus","Q3",65,28,FALSE,105,0.619047619047619,0.266666666666667,4.46874999998739,2.48257557615493,8.04395513844413,5.97705416790517e-07,0.352380952380952,0.226148498239268,0.478613406522637,1.27610398483986e-07
"aki1_7d","hemoglobin","G3plus","Q4",25,18,TRUE,66,0.378787878787879,0.272727272727273,1.62601626015841,0.774990094545556,3.41156473728857,0.198515702687906,0.106060606060606,-0.0540320597660327,0.266153271887245,0.196417599327095
"aki1_7d","map","G1","Q1",167,137,FALSE,487,0.342915811088296,0.281314168377823,1.33325729926735,1.01538622434685,1.75063929707446,0.0384632823081931,0.0616016427104722,0.00347081095421962,0.119732474466725,0.0380613859945846
"aki1_7d","map","G1","Q2",162,168,FALSE,504,0.321428571428571,0.333333333333333,0.947368421052836,0.727984413727011,1.23286557827968,0.687456140613988,-0.011904761904762,-0.0698961386697876,0.0460866148602637,0.6875055570375
"aki1_7d","map","G1","Q3",161,141,FALSE,526,0.306083650190114,0.268060836501901,1.20441076459505,0.92139766862932,1.5743531151217,0.17352314941646,0.0380228136882129,-0.0166568656248264,0.0927024930012523,0.173195975951405
"aki1_7d","map","G1","Q4",197,208,FALSE,621,0.317230273752013,0.334943639291465,0.922543994920491,0.727490181821206,1.16989540729366,0.50590204658314,-0.0177133655394525,-0.0698888325595487,0.0344621014806437,0.505910580326285
"aki1_7d","map","G2","Q1",169,95,FALSE,392,0.431122448979592,0.24234693877551,2.36927071040186,1.74488875970932,3.21707826240067,3.2575655045068e-08,0.188775510204081,0.123862623467701,0.253688396940462,1.6981093695412e-08
"aki1_7d","map","G2","Q2",154,93,FALSE,344,0.447674418604651,0.270348837209302,2.18754951895282,1.58929737578359,3.01099905580058,1.56936765259238e-06,0.177325581395349,0.106766027669735,0.247885135120963,1.0542699979655e-06
"aki1_7d","map","G2","Q3",142,106,FALSE,347,0.409221902017291,0.305475504322767,1.57487344684621,1.1510950041642,2.15466696024985,0.00451347943558613,0.103746397694524,0.0327547151213094,0.17473808026774,0.00430565734827936
"aki1_7d","map","G2","Q4",154,101,FALSE,379,0.406332453825858,0.266490765171504,1.88391639163384,1.38619118514456,2.5603545951683,5.20370854430602e-05,0.139841688654354,0.0732221406347321,0.206461236673975,4.31097019520851e-05
"aki1_7d","map","G3plus","Q1",123,51,FALSE,184,0.668478260869565,0.277173913043478,5.25843780133642,3.36415160529079,8.21935850543622,3.25054213337001e-13,0.391304347826087,0.297187358470315,0.48542133718186,5.87997805943018e-15
"aki1_7d","map","G3plus","Q2",97,41,FALSE,148,0.655405405405405,0.277027027027027,4.96365375417237,3.02213418894544,8.15247009263566,2.47133649918703e-10,0.378378378378378,0.272849921675491,0.483906835081265,1.46790927898507e-11
"aki1_7d","map","G3plus","Q3",65,34,FALSE,123,0.528455284552846,0.276422764227642,2.93356997970897,1.72201553318908,4.99753495830095,7.50666887037039e-05,0.252032520325203,0.133100792123896,0.37096424852651,4.53043115684093e-05
"aki1_7d","map","G3plus","Q4",78,35,FALSE,129,0.604651162790698,0.271317829457364,4.10756302519923,2.42585726290232,6.95509759127291,1.45559090679773e-07,0.333333333333333,0.218842995847756,0.447823670818911,3.18124671030997e-08
"aki1_7d","heart_failure","G1","0",536,537,FALSE,1763,0.304027226318775,0.30459444129325,0.997324324365366,0.863988522900918,1.15123729263346,0.970811456332689,-0.000567214974475375,-0.0309504743950329,0.0298160444460821,0.970813520077107
"aki1_7d","heart_failure","G1","1",152,119,FALSE,385,0.394805194805195,0.309090909090909,1.45821762181152,1.08259653680558,1.9641653748829,0.013055965784359,0.0857142857142857,0.0184330618446245,0.152995509583947,0.0127339049533223
"aki1_7d","heart_failure","G2","0",413,291,FALSE,1030,0.400970873786408,0.28252427184466,1.6998724567905,1.41378287805267,2.04385440947978,1.67278558722087e-08,0.118446601941748,0.0777835456291831,0.159109658254312,1.29942583456463e-08
"aki1_7d","heart_failure","G2","1",210,105,FALSE,439,0.478359908883827,0.239179954441913,2.9170305676781,2.18554892224294,3.89333189761587,3.64434959256208e-13,0.239179954441913,0.177660604720271,0.300699304163555,6.57050738502573e-14
"aki1_7d","heart_failure","G3plus","0",189,90,FALSE,306,0.617647058823529,0.294117647058824,3.87692307691741,2.76599258124826,5.43404658647047,3.66265440972257e-15,0.323529411764706,0.248766549949261,0.398292273580151,1.67790086894349e-16
"aki1_7d","heart_failure","G3plus","1",174,72,FALSE,279,0.623655913978495,0.258064516129032,4.76428571427137,3.317267312411,6.84250505899476,2.8518942786009e-17,0.365591397849462,0.28885023242691,0.442332563272015,2.35246983922494e-19
"aki1_7d","diabetes","G1","0",468,469,FALSE,1548,0.302325581395349,0.30297157622739,0.996943852167761,0.85516333219925,1.16223066045063,0.968804399842548,-0.000645994832041231,-0.0330218292017575,0.031729839537675,0.968806910791122
"aki1_7d","diabetes","G1","1",220,187,FALSE,600,0.366666666666667,0.311666666666667,1.27863777089696,1.00599625413275,1.62516961911928,0.0445519354283112,0.055,0.00147258248434722,0.108527417515653,0.0442410241531424
"aki1_7d","diabetes","G2","0",382,251,FALSE,943,0.4050901378579,0.266171792152704,1.87729651802239,1.5455933136603,2.28018728175836,2.16221968879184e-10,0.138918345705196,0.0967359314833609,0.181100759927032,1.37438057691852e-10
"aki1_7d","diabetes","G2","1",241,145,FALSE,526,0.458174904942966,0.275665399239544,2.2219237749492,1.71812130064123,2.87345559352648,1.16200386779617e-09,0.182509505703422,0.125259056272776,0.239759955134068,6.0201811253347e-10
"aki1_7d","diabetes","G3plus","0",173,80,FALSE,304,0.569078947368421,0.263157894736842,3.69770992365332,2.62619279989187,5.20641846251625,6.85646730217704e-14,0.305921052631579,0.23130483206752,0.380537273195638,4.87426865412887e-15
"aki1_7d","diabetes","G3plus","1",190,82,FALSE,281,0.676156583629893,0.291814946619217,5.06700616455729,3.5378499767439,7.25710576774978,8.45229035025152e-19,0.384341637010676,0.307924269962003,0.460759004059349,3.01981564152938e-21
"aki1_7d","hypertension","G1","0",182,184,FALSE,612,0.297385620915033,0.300653594771242,0.984529828109354,0.770645296294588,1.25777577193764,0.90071255157526,-0.00326797385620905,-0.0546073358040226,0.0480713880916045,0.900732071092994
"aki1_7d","hypertension","G1","1",506,472,FALSE,1536,0.329427083333333,0.307291666666667,1.10742142504459,0.951317289116472,1.28914109590796,0.188104194754083,0.0221354166666666,-0.0108127175064042,0.0550835508397374,0.188010943267258
"aki1_7d","hypertension","G2","0",86,75,FALSE,270,0.318518518518519,0.277777777777778,1.21521739130211,0.839304822153288,1.75949579836131,0.301943783170522,0.0407407407407407,-0.0364922200657048,0.117973701547186,0.301643235541596
"aki1_7d","hypertension","G2","1",537,321,FALSE,1199,0.447873227689741,0.267723102585488,2.21873676482428,1.8695441427672,2.63315142925507,7.40836871876784e-20,0.180150125104253,0.14244578523229,0.217854464976217,1.69771847037426e-20
"aki1_7d","hypertension","G3plus","0",31,21,FALSE,70,0.442857142857143,0.3,1.85470085469868,0.920511313804284,3.73696141354697,0.083939987932358,0.142857142857143,-0.0166071778080685,0.302321463522354,0.0813277185008263
"aki1_7d","hypertension","G3plus","1",332,141,FALSE,515,0.644660194174757,0.27378640776699,4.81215362553505,3.69196984015528,6.27221334906035,3.21517475247175e-31,0.370873786407767,0.314322032232433,0.427425540583102,3.56453703735362e-35
"aki1_7d","ckd","G1","0",657,637,FALSE,2088,0.314655172413793,0.30507662835249,1.04581222910028,0.917204593759587,1.19245283547105,0.503443437475752,0.0095785440613026,-0.0184783885425683,0.0376354766651735,0.50344476395851
"aki1_7d","ckd","G1","1",31,19,TRUE,60,0.516666666666667,0.316666666666667,2.30671506351962,1.09024073019395,4.88051330032564,0.0288184513792859,0.2,0.0257893129995748,0.374210687000425,0.0262926921220969
"aki1_7d","ckd","G2","0",479,328,FALSE,1221,0.392301392301392,0.268632268632269,1.75755620931737,1.48133036057831,2.08529029790768,1.01763198497428e-10,0.123669123669124,0.0866645102454701,0.160673737092777,6.97879948285536e-11
"aki1_7d","ckd","G2","1",144,68,FALSE,248,0.580645161290323,0.274193548387097,3.66515837103151,2.51433701185567,5.34271492699701,1.42619021615005e-11,0.306451612903226,0.223491743055572,0.38941148275088,1.72742544746053e-12
"aki1_7d","ckd","G3plus","0",106,72,FALSE,228,0.464912280701754,0.315789473684211,1.88251366120112,1.28408533210163,2.75983036019008,0.00119077918884872,0.149122807017544,0.0604291199405906,0.237816494094497,0.00105984201621995
"aki1_7d","ckd","G3plus","1",257,90,FALSE,357,0.719887955182073,0.252100840336134,7.62433333329359,5.46606439827081,10.6347921542163,5.48861143544647e-33,0.467787114845938,0.402897964754004,0.532676264937872,3.8692256940991e-40
"aki1_7d","surg_cabg","G1","0",538,512,FALSE,1654,0.325272067714631,0.309552599758162,1.0752618167558,0.928729434381669,1.24491367643878,0.331642282467897,0.0157194679564693,-0.0160100765170178,0.0474490124299564,0.331607237626385
"aki1_7d","surg_cabg","G1","1",150,144,FALSE,494,0.303643724696356,0.291497975708502,1.0598352713172,0.806553423753614,1.39265517850079,0.676624003178896,0.0121457489878543,-0.0449239719176934,0.069215469893402,0.676671878277944
"aki1_7d","surg_cabg","G2","0",528,306,FALSE,1181,0.447078746824725,0.259102455546147,2.31210401464641,1.94367614564425,2.75036815496448,2.95431409696683e-21,0.187976291278578,0.15016423721621,0.225788345340945,5.06765403788935e-22
"aki1_7d","surg_cabg","G2","1",95,90,FALSE,288,0.329861111111111,0.3125,1.08290155440369,0.762720543220646,1.53749074540227,0.656059033238125,0.0173611111111111,-0.0590236664328448,0.093745888655067,0.656141939862679
"aki1_7d","surg_cabg","G3plus","0",293,129,FALSE,478,0.612970711297071,0.269874476987448,4.28481039177556,3.25939943498446,5.63281686080163,1.88005807200157e-25,0.343096234309623,0.283956178852984,0.402236289766263,3.47368658395695e-28
"aki1_7d","surg_cabg","G3plus","1",70,33,FALSE,107,0.654205607476635,0.308411214953271,4.24242424242043,2.38828612969449,7.53601640477597,8.23108395605752e-07,0.345794392523365,0.219585580958304,0.472003204088425,2.06072460036165e-07
"aki1_7d","surg_combined","G1","0",629,622,FALSE,2008,0.313247011952191,0.309760956175299,1.01638728842595,0.889274165376815,1.16167000042795,0.811527207260948,0.00348605577689245,-0.0251673879536163,0.0321394995074012,0.811537343764887
"aki1_7d","surg_combined","G1","1",59,34,FALSE,140,0.421428571428571,0.242857142857143,2.27087872185288,1.35892822072578,3.79482160331468,0.00174384639924512,0.178571428571429,0.0698486936282478,0.287294163514609,0.00143791936689112
"aki1_7d","surg_combined","G2","0",554,369,FALSE,1338,0.414050822122571,0.275784753363229,1.85562883689609,1.57817513151784,2.18186075268379,7.32851645149559e-14,0.138266068759342,0.102615324306764,0.17391681321192,4.02240003742806e-14
"aki1_7d","surg_combined","G2","1",69,27,FALSE,131,0.526717557251908,0.206106870229008,4.2867383512527,2.48081994607562,7.40727908172847,1.82814208761124e-07,0.320610687022901,0.21014849083145,0.431072883214351,3.43781479125216e-08
"aki1_7d","surg_combined","G3plus","0",329,149,FALSE,534,0.616104868913858,0.279026217228464,4.1468325421415,3.20545804450934,5.36466860392053,2.56922916248875e-27,0.337078651685393,0.280912340551849,0.393244962818937,4.03149802664394e-30
"aki1_7d","surg_combined","G3plus","1",34,13,TRUE,51,0.666666666666667,0.254901960784314,5.84615384613503,2.45861409400046,13.9011302652498,6.45296190149997e-05,0.411764705882353,0.233814585651225,0.589714826113481,1.60091933959589e-05
"aki1_7d","vent_at_t0","G1","0",248,310,FALSE,1020,0.243137254901961,0.303921568627451,0.735751295338084,0.604964869655956,0.894812237443677,0.00211922932645912,-0.0607843137254902,-0.0994017355788533,-0.022166891872127,0.00206241297703734
"aki1_7d","vent_at_t0","G1","1",440,346,FALSE,1128,0.390070921985816,0.306737588652482,1.44542277187667,1.21430191191475,1.72053339368069,3.40888444979027e-05,0.0833333333333333,0.0441435416987651,0.122523124967902,3.19231729759252e-05
"aki1_7d","vent_at_t0","G2","0",198,151,FALSE,574,0.344947735191638,0.263066202090592,1.47516556290973,1.14486510894747,1.90075967988524,0.00264645385109454,0.0818815331010453,0.0288284132735905,0.1349346529285,0.00254139229501954
"aki1_7d","vent_at_t0","G2","1",425,245,FALSE,895,0.474860335195531,0.273743016759777,2.39904472426661,1.96988693646879,2.92169843988537,3.25760854317408e-18,0.201117318435754,0.157232783436377,0.245001853435131,6.55114161617965e-19
"aki1_7d","vent_at_t0","G3plus","0",91,54,FALSE,185,0.491891891891892,0.291891891891892,2.34850275807353,1.52834999296123,3.60877104726029,9.80530128532742e-05,0.2,0.102360143442383,0.297639856557618,7.21390548235296e-05
"aki1_7d","vent_at_t0","G3plus","1",272,108,FALSE,400,0.68,0.27,5.74537037035227,4.23455882622105,7.79521127162603,2.86105008181305e-29,0.41,0.346811704392709,0.473188295607291,7.16863027886163e-34
"aki1_7d","sex","G1","0",419,463,FALSE,1473,0.284453496266124,0.314324507807196,0.867189068898446,0.740526646018406,1.01551630216188,0.076915439328958,-0.0298710115410727,-0.0629416445056125,0.00319962142346702,0.0767693674259125
"aki1_7d","sex","G1","1",269,193,FALSE,675,0.398518518518518,0.285925925925926,1.6546874601158,1.31817465119068,2.07710760345096,1.41575323696808e-05,0.112592592592593,0.0622939947478958,0.162891190437289,1.23636234262638e-05
"aki1_7d","sex","G2","0",420,283,FALSE,1057,0.397350993377483,0.267738883632923,1.80328505416343,1.50066124748636,2.16693607035972,3.15952025573767e-10,0.12961210974456,0.0898080706129242,0.169416148876196,2.1384467029988e-10
"aki1_7d","sex","G2","1",203,113,FALSE,412,0.492718446601942,0.274271844660194,2.57005546851199,1.92223631399981,3.43619827755947,1.89001210913419e-10,0.218446601941747,0.153664457182941,0.283228746700554,6.94596586500673e-11
"aki1_7d","sex","G3plus","0",226,98,FALSE,362,0.624309392265193,0.270718232044199,4.47659063624254,3.26672736361273,6.13453817655966,1.11941914907928e-20,0.353591160220995,0.285790674448136,0.421391645993853,5.34411156598203e-23
"aki1_7d","sex","G3plus","1",137,64,FALSE,223,0.614349775784753,0.286995515695067,3.9576671511555,2.66089308408284,5.886418125189,1.10768764330677e-11,0.327354260089686,0.239942249144153,0.41476627103522,1.0257408100427e-12
"aki1_7d","vaso_at_t0","G1","0",313,323,FALSE,1041,0.300672430355427,0.310278578290106,0.955729255265235,0.793023335810495,1.15181781937892,0.63438775603098,-0.00960614793467815,-0.0491940753757097,0.0299817795063534,0.634408747952017
"aki1_7d","vaso_at_t0","G1","1",375,333,FALSE,1107,0.338753387533875,0.300813008130081,1.19073992024694,0.995640513486081,1.42406977062962,0.0558575352443001,0.0379403794037941,-0.000900178385632784,0.076780937193221,0.0556756542837216
"aki1_7d","vaso_at_t0","G2","0",262,174,FALSE,644,0.406832298136646,0.270186335403727,1.85262081000886,1.46515387149569,2.34255523085378,2.59675200559611e-07,0.136645962732919,0.0854615073067257,0.187830418159113,1.95020486463179e-07
"aki1_7d","vaso_at_t0","G2","1",361,222,FALSE,825,0.437575757575758,0.269090909090909,2.11326304752452,1.71896025679139,2.5980127756814,1.23493605797331e-12,0.168484848484848,0.123050058387357,0.21391963858234,5.60018596265664e-13
"aki1_7d","vaso_at_t0","G3plus","0",141,79,FALSE,247,0.57085020242915,0.319838056680162,2.82875567231779,1.95754819198456,4.08769433438971,3.09292960301741e-08,0.251012145748988,0.166024719147189,0.335999572350787,1.26350447297971e-08
"aki1_7d","vaso_at_t0","G3plus","1",222,83,FALSE,338,0.656804733727811,0.245562130177515,5.87972579973337,4.20675891137122,8.21800730881,3.38454530227117e-25,0.411242603550296,0.342821584558991,0.479663622541601,2.92111792468973e-29
"aki2_48h","alb_cat","G1","normal",33,28,FALSE,857,0.0385064177362894,0.0326721120186698,1.18572295422872,0.709856419631763,1.9805961956563,0.51517382700219,0.00583430571761962,-0.0117154416280605,0.0233840530632997,0.514753181985994
"aki2_48h","alb_cat","G1","low",11,3,TRUE,143,0.0769230769230769,0.020979020979021,3.88888887386687,1.05651736436373,14.3144421316666,0.0410831530558524,0.0559440559440559,0.00617850872586528,0.105709603162247,0.0283736565230925
"aki2_48h","alb_cat","G1","missing",61,47,FALSE,1380,0.0442028985507246,0.0340579710144928,1.31164808929972,0.889754797357565,1.93358969827754,0.170663587739894,0.0101449275362319,-0.00432378348562468,0.0246136385580885,0.169466481452399
"aki2_48h","alb_cat","G2","normal",27,12,TRUE,652,0.0414110429447853,0.0184049079754601,2.30399994336373,1.15630764962278,4.59083336580175,0.0176493832546751,0.0230061349693252,0.00454374370255464,0.0414685262360957,0.0147233596980806
"aki2_48h","alb_cat","G2","low",9,3,TRUE,137,0.0656934306569343,0.0218978102189781,3.14062499366583,0.827466624312336,11.9201488749296,0.0926268379925481,0.0437956204379562,-0.00456496584575587,0.0921562067216682,0.0770183255677178
"aki2_48h","alb_cat","G2","missing",52,19,TRUE,850,0.0611764705882353,0.0223529411764706,2.85001978213421,1.66977062212719,4.86450812519903,0.000123275908201687,0.0388235294117647,0.0198824921155015,0.0577645667080279,6.14081041059552e-05
"aki2_48h","alb_cat","G3plus","normal",13,9,TRUE,248,0.0524193548387097,0.0362903225806452,1.46903073286034,0.615124375194605,3.50831698614684,0.386528328960428,0.0161290322580645,-0.0201543693428021,0.0524124338589311,0.384025996018549
"aki2_48h","alb_cat","G3plus","low",4,6,TRUE,124,0.032258064516129,0.0483870967741935,0.655555555556687,0.179434057154461,2.39504748004051,0.522965002637118,-0.0161290322580645,-0.0652526169235956,0.0329945524074666,0.520474405015403
"aki2_48h","alb_cat","G3plus","missing",25,7,TRUE,299,0.0836120401337793,0.0234113712374582,3.80604796397244,1.61764168718777,8.9550122371304,0.00220031401754192,0.060200668896321,0.0243889379027143,0.0960123998899278,0.00104326258261272
"aki2_48h","baseline_cr","G1","Q1",90,47,FALSE,1414,0.0636492220650637,0.0332390381895332,1.97708427074451,1.378170508534,2.83626894453236,0.000213779322784503,0.0304101838755304,0.0146178650781497,0.0462025026729111,0.000163797282152143
"aki2_48h","baseline_cr","G1","Q2",12,29,TRUE,923,0.0130010834236186,0.0314192849404117,0.406071388016617,0.205841279072853,0.80107339455164,0.00932628695797549,-0.0184182015167931,-0.0318444534664094,-0.00499194956717676,0.0072368431682359
"aki2_48h","baseline_cr","G1","Q3",3,2,TRUE,43,0.0697674418604651,0.0465116279069767,1.5374999718931,0.238563005829104,9.90893854374334,0.650918442697214,0.0232558139534884,-0.0767070419568201,0.123218669863797,0.649578655209001
"aki2_48h","baseline_cr","G2","Q1",9,2,TRUE,111,0.0810810810810811,0.018018018018018,4.80882337262309,1.00761335549894,22.9500552993716,0.0488943509090997,0.0630630630630633,0.00631828318196935,0.119807842944157,0.0304511570634985
"aki2_48h","baseline_cr","G2","Q2",33,14,TRUE,536,0.0615671641791045,0.0261194029850746,2.44618006221837,1.29291746535891,4.62813525002046,0.00596518680429073,0.0354477611940298,0.011003499111243,0.0598920232768167,0.00456421613139284
"aki2_48h","baseline_cr","G2","Q3",33,15,TRUE,729,0.0452674897119342,0.0205761316872428,2.25689654011254,1.2145302605935,4.19386997429184,0.0100302772210835,0.0246913580246914,0.00640463025556162,0.0429780857938211,0.00822162197667373
"aki2_48h","baseline_cr","G2","Q4",13,3,TRUE,263,0.0494296577946768,0.0114068441064639,4.50666666660758,1.26590691666525,16.0438687683405,0.0201275991971799,0.038022813688213,0.00879460494963654,0.0672510224267894,0.0110635257414055
"aki2_48h","baseline_cr","G3plus","Q3",11,4,TRUE,111,0.0990990990990991,0.036036036036036,2.94249999999958,0.902585436066381,9.59278302531878,0.0734520646738042,0.0630630630630631,-0.00274792741195327,0.128874053538079,0.0616819909758802
"aki2_48h","baseline_cr","G3plus","Q4",31,18,TRUE,560,0.0553571428571429,0.0321428571428571,1.76454526359679,0.974651151941413,3.19459940213464,0.0607628230028897,0.0232142857142857,-0.00072656081166754,0.0471551322402389,0.0576222497289834
"aki2_48h","age","G1","Q1",24,31,FALSE,840,0.0285714285714286,0.0369047619047619,0.767552182178776,0.446383066785519,1.3197999570411,0.338759183756863,-0.00833333333333332,-0.0253576524114686,0.008690985744802,0.337489528178028
"aki2_48h","age","G1","Q2",21,24,FALSE,730,0.0287671232876712,0.0328767123287671,0.87129760227127,0.480445917175549,1.58011439911201,0.650094369853086,-0.00410958904109591,-0.0218518201365909,0.013632642054399,0.649903633985348
"aki2_48h","age","G1","Q3",25,15,TRUE,547,0.0457038391224863,0.0274223034734918,1.69859514679561,0.884956211098535,3.26030309356893,0.111247851964259,0.0182815356489945,-0.00395627664078286,0.0405193479387719,0.107403102462954
"aki2_48h","age","G1","Q4",35,8,TRUE,263,0.133079847908745,0.0304182509505703,4.89309210523434,2.22049669143758,10.7824300944155,8.18402836518849e-05,0.102661596958175,0.0565740558515439,0.148749138064806,1.52553675158693e-05
"aki2_48h","age","G2","Q1",12,5,TRUE,338,0.0355029585798817,0.014792899408284,2.45153374233113,0.852777844216624,7.04757719791487,0.0960320314519013,0.0207100591715976,-0.00287976712031569,0.044299885463511,0.0857588241734575
"aki2_48h","age","G2","Q2",18,9,TRUE,378,0.0476190476190476,0.0238095238095238,2.04999999891396,0.908035789341729,4.62812153978401,0.0840243149009339,0.0238095238095238,-0.00262848792520584,0.0502475355442534,0.0779457877609369
"aki2_48h","age","G2","Q3",17,5,TRUE,355,0.047887323943662,0.0140845070422535,3.52071005917093,1.28268406342161,9.66364179163668,0.0145552474153519,0.0338028169014084,0.00839654882756579,0.0592090849752511,0.0093056691080998
"aki2_48h","age","G2","Q4",41,15,TRUE,568,0.0721830985915493,0.0264084507042254,2.86818469297819,1.56798240120258,5.24654066699029,0.000626558471934982,0.0457746478873239,0.0207154985205894,0.0708337972540585,0.000357773331365522
"aki2_48h","age","G3plus","Q1",5,8,TRUE,124,0.0403225806451613,0.0645161290322581,0.609243697478996,0.192732815694448,1.92586758814509,0.398726993116345,-0.0241935483870969,-0.0798136505374965,0.0314265537633028,0.39473381866223
"aki2_48h","age","G3plus","Q2",7,2,TRUE,120,0.0583333333333333,0.0166666666666667,3.65486693380617,0.738490013847502,18.0883316677971,0.112182356191377,0.0416666666666667,-0.00631624151035182,0.0896495748436852,0.0900620985020819
"aki2_48h","age","G3plus","Q3",16,6,TRUE,195,0.0820512820512821,0.0307692307692308,2.81564245808745,1.07511770779657,7.37392975140615,0.0350782236699136,0.0512820512820513,0.00565294212062099,0.0969111604434816,0.0281945781606288
"aki2_48h","age","G3plus","Q4",14,6,TRUE,232,0.0603448275862069,0.0258620689655172,2.41896024433711,0.911118429675238,6.42218231253334,0.0762034090462445,0.0344827586206896,-0.00242204421456885,0.0713875614559481,0.0676896803176441
"aki2_48h","hemoglobin","G1","Q1",44,14,TRUE,593,0.0741989881956155,0.0236087689713322,3.31459796831684,1.795292513782,6.11964880777316,0.00012788501373176,0.0505902192242833,0.0261904247567068,0.0749900136918598,5.14545584053891e-05
"aki2_48h","hemoglobin","G1","Q2",34,21,FALSE,636,0.0534591194968553,0.0330188679245283,1.65401044138413,0.948658316461467,2.88381021147024,0.076035111051575,0.020440251572327,-0.00190446108911996,0.0427849642337741,0.0732192368997101
"aki2_48h","hemoglobin","G1","Q3",20,13,TRUE,598,0.0334448160535117,0.0217391304347826,1.55709342209461,0.766865061290109,3.16162522915239,0.220413577506358,0.0117056856187291,-0.00686475180500741,0.0302761230424657,0.21690015654663
"aki2_48h","hemoglobin","G1","Q4",7,30,TRUE,551,0.0127041742286751,0.0544464609800363,0.223468137255268,0.0972296450537738,0.51360887248658,0.000416709692806693,-0.0417422867513612,-0.0628892941217316,-0.0205952793809907,0.000115766060627143
"aki2_48h","hemoglobin","G2","Q1",30,5,TRUE,487,0.0616016427104723,0.0102669404517454,6.32822757057475,2.43186513580541,16.4673869431988,0.000156044866745443,0.0513347022587269,0.0281558731132994,0.0745135314041544,1.56787846471924e-05
"aki2_48h","hemoglobin","G2","Q2",27,16,TRUE,398,0.0678391959798995,0.0402010050251256,1.73753369272236,0.9203588085169,3.2802677666663,0.0883770721696668,0.0276381909547739,-0.00375109719719528,0.059027479106743,0.0847769190132859
"aki2_48h","hemoglobin","G2","Q3",23,6,TRUE,399,0.0576441102756892,0.0150375939849624,4.00664893617004,1.61165448207703,9.96071793069679,0.00281578541968813,0.0426065162907268,0.0167746137276495,0.0684384188538041,0.00127641768380948
"aki2_48h","hemoglobin","G2","Q4",8,7,TRUE,353,0.0226628895184136,0.0198300283286119,1.14616976355244,0.410520844922036,3.2000935960544,0.794534485616493,0.00283286118980168,-0.0184710203505222,0.0241367427301255,0.794454889630044
"aki2_48h","hemoglobin","G3plus","Q1",11,8,TRUE,260,0.0423076923076923,0.0307692307692308,1.39156626505376,0.549481971878615,3.5241495975112,0.485813697830805,0.0115384615384615,-0.0207619534423432,0.0438388765192663,0.484143149434835
"aki2_48h","hemoglobin","G3plus","Q2",15,5,TRUE,203,0.0738916256157636,0.0246305418719212,3.159574467137,1.12328324448703,8.88726050386599,0.0292329882058401,0.0492610837438424,0.00732896214286954,0.0911932053448152,0.0218104666149525
"aki2_48h","hemoglobin","G3plus","Q3",11,4,TRUE,123,0.0894308943089431,0.032520325203252,2.92187499999577,0.899698092281586,9.48913150849302,0.0744029771689364,0.0569105691056911,-0.0027125892526578,0.11653372746404,0.0625657957659296
"aki2_48h","hemoglobin","G3plus","Q4",5,5,TRUE,83,0.0602409638554217,0.0602409638554217,1,0.276235803262947,3.62009554224261,1,8.7125169558802e-18,-0.0728313489994557,0.0728313489994557,1
"aki2_48h","map","G1","Q1",33,19,TRUE,562,0.0587188612099644,0.0338078291814947,1.78280768082668,1.00066753635896,3.17628294246415,0.0497316706249182,0.0249110320284698,0.00037199359931122,0.0494500704576283,0.0468650724186551
"aki2_48h","map","G1","Q2",22,15,TRUE,558,0.039426523297491,0.0268817204301075,1.48582089542715,0.762090913655923,2.89685087924389,0.245065833116408,0.0125448028673835,-0.00846994478273206,0.0335595505174991,0.242240518867893
"aki2_48h","map","G1","Q3",20,16,TRUE,583,0.0343053173241852,0.0274442538593482,1.25888099461691,0.645314958940788,2.45582616155202,0.499508898188289,0.00686106346483706,-0.0130097695969716,0.0267318965266457,0.498695913475948
"aki2_48h","map","G1","Q4",30,28,FALSE,667,0.0449775112443778,0.0419790104947526,1.07479255438439,0.634538993222602,1.82050125728817,0.788497075870969,0.00299850074962519,-0.0189046061242753,0.0249016076235257,0.788493863465279
"aki2_48h","map","G2","Q1",22,11,TRUE,464,0.0474137931034483,0.0237068965517241,2.04977375448996,0.981562711440654,4.2804931316402,0.0560733390434855,0.0237068965517241,-0.000100375869168723,0.047514168972617,0.051270662274431
"aki2_48h","map","G2","Q2",18,10,TRUE,380,0.0473684210526316,0.0263157894736842,1.83977900535133,0.83703602779849,4.04377670269935,0.129197261163067,0.0210526315789474,-0.00572630408599532,0.0478315672438901,0.123763047087752
"aki2_48h","map","G2","Q3",21,8,TRUE,379,0.0554089709762533,0.0211081794195251,2.7203212194626,1.18824968030519,6.22777153633052,0.0178769565787203,0.0343007915567282,0.00706274937179358,0.0615388337416629,0.0137988394739561
"aki2_48h","map","G2","Q4",25,5,TRUE,409,0.0611246943765281,0.0122249388753056,5.2604166666482,1.99115354133194,13.8974634212486,0.000809618014584697,0.0488997555012225,0.0233253382888604,0.0744741727135846,0.000191089521177388
"aki2_48h","map","G3plus","Q1",13,5,TRUE,218,0.0596330275229358,0.0229357798165138,2.70146341200391,0.943916957297915,7.73151124150479,0.0639660766096945,0.036697247706422,-0.000578308005846864,0.0739728034186909,0.0543089330524813
"aki2_48h","map","G3plus","Q2",11,6,TRUE,170,0.0647058823529412,0.0352941176470588,1.89098532494715,0.680936748216164,5.25133282721634,0.221492579657494,0.0294117647058823,-0.0169525252856309,0.0757760546973956,0.21460045408999
"aki2_48h","map","G3plus","Q3",9,5,TRUE,135,0.0666666666666667,0.037037037037037,1.85714285714272,0.603208493413698,5.71772385418123,0.280608634376628,0.0296296296296297,-0.0233449267715655,0.0826041860308248,0.273947575660543
"aki2_48h","map","G3plus","Q4",9,6,TRUE,147,0.0612244897959184,0.0408163265306122,1.53260869565216,0.529412683097936,4.43678341864376,0.431108103780776,0.0204081632653061,-0.0300147060840742,0.0708310326146865,0.428252520317711
"aki2_48h","heart_failure","G1","0",75,62,FALSE,1944,0.0385802469135802,0.0318930041152263,1.21809144099564,0.864794381034155,1.71572201573803,0.258969843061717,0.00668724279835392,-0.00490508902845161,0.0182795746251595,0.258267637169206
"aki2_48h","heart_failure","G1","1",30,16,TRUE,436,0.0688073394495413,0.036697247706422,1.93965517241362,1.04070026116669,3.61512563055684,0.037016144401051,0.0321100917431193,0.00247844034995408,0.0617417431362845,0.0339569176547238
"aki2_48h","heart_failure","G2","0",51,22,FALSE,1132,0.0450530035335689,0.019434628975265,2.38037168194578,1.43350434284583,3.95266981400329,0.000802827129373372,0.0256183745583039,0.0110972194724209,0.0401395296441869,0.000554564336071673
"aki2_48h","heart_failure","G2","1",37,12,TRUE,507,0.0729783037475345,0.0236686390532544,3.24734042363467,1.67185807541984,6.307485056304,0.000506555372973081,0.0493096646942801,0.0230596093734033,0.0755597200151569,0.00024384925317339
"aki2_48h","heart_failure","G3plus","0",23,14,TRUE,351,0.0655270655270655,0.0398860398860399,1.68793554006967,0.852964981158497,3.34026185173582,0.132759704395243,0.0256410256410258,-0.00741081031699535,0.0586928615990469,0.128828598460955
"aki2_48h","heart_failure","G3plus","1",19,8,TRUE,320,0.059375,0.025,2.46179401936098,1.06020639532386,5.71627356757288,0.0360802302568313,0.034375,0.00329260069379948,0.0654573993062005,0.0305563157422045
"aki2_48h","diabetes","G1","0",77,58,FALSE,1720,0.0447674418604651,0.0337209302325581,1.34293869498517,0.948600292161724,1.90120575904376,0.0964157140355035,0.011046511627907,-0.00192980815530029,0.0240228314111142,0.0953049213107355
"aki2_48h","diabetes","G1","1",28,20,FALSE,660,0.0424242424242424,0.0303030303030303,1.41772151897832,0.790054647125708,2.54404465904546,0.241976120244216,0.0121212121212121,-0.00808062512754177,0.032323049369966,0.239802991966551
"aki2_48h","diabetes","G2","0",65,23,FALSE,1069,0.0608044901777362,0.0215154349859682,2.94430970987357,1.81538729225272,4.77526735184889,1.20388396332919e-05,0.0392890551917681,0.0225217899418562,0.0560563204416799,4.63071187246201e-06
"aki2_48h","diabetes","G2","1",23,11,TRUE,570,0.0403508771929825,0.0192982456140351,2.13677909832503,1.03101188774786,4.42848910793093,0.0411377021691145,0.0210526315789474,0.00132413589429394,0.0407811272636008,0.0366999416270306
"aki2_48h","diabetes","G3plus","0",21,10,TRUE,356,0.0589887640449438,0.0280898876404494,2.16895522381936,1.00528309001996,4.67964378356336,0.0484465559850355,0.0308988764044944,0.000963610628863291,0.0608341421801254,0.0434379112995233
"aki2_48h","diabetes","G3plus","1",21,12,TRUE,315,0.0666666666666667,0.0380952380952381,1.80357142857136,0.870591220585972,3.73639180024068,0.11249617334449,0.0285714285714286,-0.0062074198052652,0.0633502769481224,0.107862356952384
"aki2_48h","hypertension","G1","0",30,26,FALSE,673,0.0445765230312036,0.0386329866270431,1.16102404593848,0.678757606220591,1.9859472997335,0.58565075153005,0.00594353640416049,-0.0154056899322359,0.0272927627405569,0.585393038570342
"aki2_48h","hypertension","G1","1",75,52,FALSE,1707,0.0439367311072056,0.0304628002343292,1.46263433257082,1.02009202945049,2.09716293143405,0.038621086491593,0.0134739308728764,0.000781511784620817,0.0261663499611319,0.0375373328168164
"aki2_48h","hypertension","G2","0",10,2,TRUE,303,0.033003300330033,0.0066006600660066,5.13651849445793,1.11309350353308,23.7031499691296,0.0359648967660793,0.0264026402640264,0.00428084753713364,0.0485244329909191,0.0196456745435024
"aki2_48h","hypertension","G2","1",78,32,FALSE,1336,0.0583832335329341,0.0239520958083832,2.52662956953477,1.66203006627857,3.84099969740106,1.44189915159917e-05,0.0344311377245509,0.0194155159246428,0.049446759524459,7.27649035670852e-06
"aki2_48h","hypertension","G3plus","0",4,4,TRUE,74,0.0540540540540541,0.0540540540540541,1,0.238185830280332,4.19840256165976,0.999999999999998,-2.04232159138083e-17,-0.073359596694428,0.073359596694428,1
"aki2_48h","hypertension","G3plus","1",38,18,TRUE,597,0.0636515912897822,0.0301507537688442,2.18664281453438,1.23263385742065,3.87901627849181,0.00746934092040517,0.033500837520938,0.0095709036322535,0.0574307714096225,0.00616226146979424
"aki2_48h","ckd","G1","0",101,76,FALSE,2315,0.0436285097192225,0.032829373650108,1.34395354918303,0.992209713842178,1.82039252101996,0.0561998323471051,0.0107991360691144,-0.000245441841107478,0.0218437139793364,0.0553702266065268
"aki2_48h","ckd","G1","1",4,2,TRUE,65,0.0615384615384615,0.0307692307692308,2.06557377048218,0.360010900113685,11.8512939468129,0.415737380213486,0.0307692307692308,-0.0417333706939921,0.103271832232454,0.407070725090699
"aki2_48h","ckd","G2","0",67,31,FALSE,1371,0.0488694383661561,0.0226112326768782,2.22095784411005,1.44089095270015,3.42333591315182,0.000300796737869976,0.026258205689278,0.0123907026992752,0.0401257086792807,0.000210323136234599
"aki2_48h","ckd","G2","1",21,3,TRUE,268,0.0783582089552239,0.0111940298507463,7.51012145735064,2.2075209891088,25.5498926544424,0.00124819303079408,0.0671641791044776,0.0325472251025512,0.101781133106404,0.000159576061417763
"aki2_48h","ckd","G3plus","0",20,7,TRUE,263,0.0760456273764259,0.026615969581749,3.00999412087393,1.24832340099553,7.25778640412436,0.0141302368012466,0.0494296577946768,0.0118782868149247,0.0869810287744289,0.0101514824158642
"aki2_48h","ckd","G3plus","1",22,15,TRUE,408,0.053921568627451,0.0367647058823529,1.49326424870453,0.762603601937706,2.92398057233573,0.242197352430018,0.0171568627450981,-0.0114048222773841,0.0457185477675802,0.239395061415947
"aki2_48h","surg_cabg","G1","0",89,67,FALSE,1822,0.048847420417124,0.0367727771679473,1.34522138298685,0.972948736518432,1.8599341376613,0.0727982530461738,0.0120746432491767,-0.00106837247889358,0.025217658977247,0.071836811252105
"aki2_48h","surg_cabg","G1","1",16,11,TRUE,558,0.028673835125448,0.0197132616487455,1.46796375657027,0.674597258696657,3.19437644138558,0.333197092020089,0.00896057347670251,-0.00907750990958911,0.0269986568629941,0.330443255197622
"aki2_48h","surg_cabg","G2","0",75,26,FALSE,1313,0.0571210967250571,0.0198019801980198,2.99878834149363,1.90636209580598,4.71722110760711,2.01904569355297e-06,0.0373191165270373,0.022672182223307,0.0519660508307677,6.30507838803148e-07
"aki2_48h","surg_cabg","G2","1",13,8,TRUE,326,0.0398773006134969,0.0245398773006135,1.65095846592627,0.674029972539262,4.04383182834627,0.272678036823264,0.0153374233128834,-0.0117829742816552,0.0424578209074221,0.268081545166994
"aki2_48h","surg_cabg","G3plus","0",34,15,TRUE,553,0.0614828209764919,0.027124773960217,2.3496467564555,1.26404837184427,4.3675859271642,0.00691693096444907,0.0343580470162748,0.0101665296370866,0.0585495643954631,0.00546611993194065
"aki2_48h","surg_cabg","G3plus","1",8,7,TRUE,118,0.0677966101694915,0.0593220338983051,1.15324675294265,0.402525261973525,3.30408597624919,0.790624620674368,0.00847457627118644,-0.0540344001440441,0.0709835526864169,0.790685320118658
"aki2_48h","surg_combined","G1","0",94,75,FALSE,2209,0.0425531914893617,0.0339520144861928,1.26459259259188,0.928036843081344,1.7232014409347,0.137030280960389,0.00860117700316882,-0.00271040497621331,0.0199127589825509,0.136201543406003
"aki2_48h","surg_combined","G1","1",11,3,TRUE,171,0.064327485380117,0.0175438596491228,3.8499998222505,1.05065789816897,14.1078258271896,0.041892949282229,0.0467836257309941,0.00495498888974453,0.0886122625722438,0.0290439939088917
"aki2_48h","surg_combined","G2","0",76,30,FALSE,1472,0.0516304347826087,0.0203804347826087,2.61680991766195,1.70376173978197,4.01916182602518,1.11412898671365e-05,0.03125,0.0178330666623439,0.0446669333376561,5.19670264654415e-06
"aki2_48h","surg_combined","G2","1",12,4,TRUE,167,0.0718562874251497,0.0239520958083832,3.15483870816351,0.99272382287601,10.0259579201918,0.0514603650777314,0.0479041916167665,0.00224845294232549,0.0935599302912075,0.0405129969413238
"aki2_48h","surg_combined","G3plus","0",40,22,FALSE,603,0.066334991708126,0.0364842454394693,1.87631196512171,1.10060632463973,3.19873374488495,0.0207658364092316,0.0298507462686567,0.0049598709781579,0.0547416215591556,0.0189058904849384
"aki2_48h","surg_combined","G3plus","1",2,0,TRUE,68,0.0294117647058824,0,NA,NA,NA,NA,NA,NA,NA,NA
"aki2_48h","vent_at_t0","G1","0",29,38,FALSE,1127,0.0257320319432121,0.033717834960071,0.75690250226299,0.463365833154307,1.23639111246511,0.265942911332685,-0.0079858030168589,-0.0220103772237407,0.00603877119002286,0.264518341166315
"aki2_48h","vent_at_t0","G1","1",76,40,FALSE,1253,0.0606544293695132,0.0319233838786911,1.95811384876383,1.3239901047442,2.89595052937461,0.000763645549685882,0.028731045490822,0.0123100940888682,0.0451519968927759,0.000614864846816612
"aki2_48h","vent_at_t0","G2","0",22,12,TRUE,636,0.0345911949685535,0.0188679245283019,1.86319214969559,0.913543579475139,3.8000212192195,0.0870203365694104,0.0157232704402516,-0.00199740923130823,0.0334439501118114,0.0822636861068144
"aki2_48h","vent_at_t0","G2","1",66,22,FALSE,1003,0.06580259222333,0.0219341974077767,3.14087512723012,1.9222607641766,5.13202826000485,4.90789615003082e-06,0.0438683948155533,0.0260377609490026,0.061699028682104,1.52712364361912e-06
"aki2_48h","vent_at_t0","G3plus","0",10,5,TRUE,205,0.0487804878048781,0.024390243902439,2.05128205055534,0.68679841747815,6.12662747008204,0.198099883644298,0.024390243902439,-0.0119676011595506,0.0607480889644286,0.189301043519111
"aki2_48h","vent_at_t0","G3plus","1",32,17,TRUE,466,0.0686695278969957,0.036480686695279,1.94741122255333,1.0650248867991,3.56086558796257,0.0304183633831515,0.0321888412017168,0.00357508305881604,0.0608025993446175,0.0277060972396994
"aki2_48h","sex","G1","0",44,58,FALSE,1634,0.0269277845777234,0.0354957160342717,0.751941010673331,0.504992982258549,1.11964978404976,0.160438731791369,-0.00856793145654832,-0.0204918674188084,0.00335600450571177,0.15912089195936
"aki2_48h","sex","G1","1",61,20,FALSE,746,0.081769436997319,0.0268096514745308,3.23255474430787,1.92941507151404,5.41584355239204,8.34505331313927e-06,0.0549597855227882,0.0321189183147208,0.0778006527308557,2.62833216453588e-06
"aki2_48h","sex","G2","0",49,22,FALSE,1158,0.0423143350604491,0.0189982728842832,2.28149844703104,1.37004519116675,3.79931640019275,0.00152431369914641,0.0233160621761658,0.0093005887831511,0.0373315355691805,0.00112772216841024
"aki2_48h","sex","G2","1",39,12,TRUE,481,0.0810810810810811,0.0249480249480249,3.44852941093339,1.7812630075522,6.67636112558974,0.000239859541575647,0.0561330561330561,0.0280085130285703,0.0842575992375419,9.8018946257242e-05
"aki2_48h","sex","G3plus","0",22,16,TRUE,403,0.054590570719603,0.0397022332506203,1.39665354330707,0.721747894280895,2.70266271019147,0.321258286822681,0.0148883374689826,-0.0143954591045344,0.0441721340424997,0.319309759796307
"aki2_48h","sex","G3plus","1",20,6,TRUE,268,0.0746268656716418,0.0223880597014925,3.52150537131263,1.3888033468295,8.92927001399731,0.00800474782553635,0.0522388059701492,0.0160654556195687,0.0884121563207297,0.00482284964744891
"aki2_48h","vaso_at_t0","G1","0",46,32,FALSE,1101,0.041780199818347,0.0290644868301544,1.45657582936259,0.92012317537338,2.30579253242088,0.108542318978064,0.0127157129881925,-0.00272349149125763,0.0281549174676427,0.106615749809253
"aki2_48h","vaso_at_t0","G1","1",59,46,FALSE,1279,0.0461297888975762,0.035965598123534,1.2962758374909,0.874399026668268,1.92169821284605,0.196416355345306,0.0101641907740422,-0.00521402672302419,0.0255424082711086,0.195279734224012
"aki2_48h","vaso_at_t0","G2","0",35,12,TRUE,686,0.0510204081632653,0.0174927113702624,3.01971311688498,1.55305941101374,5.87142207414661,0.00112343881354253,0.033527696793003,0.0143464829835039,0.0527089106025022,0.000630729524852635
"aki2_48h","vaso_at_t0","G2","1",53,22,FALSE,953,0.055613850996852,0.0230849947534103,2.49207070488447,1.50287882360299,4.13234673388678,0.000401887659960626,0.0325288562434418,0.0151236343352411,0.0499340781516426,0.000256019902100496
"aki2_48h","vaso_at_t0","G3plus","0",15,12,TRUE,275,0.0545454545454545,0.0436363636363636,1.26442301984949,0.579830055852263,2.75730027615653,0.555309445371621,0.0109090909090909,-0.0252591496166838,0.0470773314348656,0.554645845850124
"aki2_48h","vaso_at_t0","G3plus","1",27,10,TRUE,396,0.0681818181818182,0.0252525252525253,2.82439024335032,1.3470198764545,5.92209542425556,0.00598514156842723,0.0429292929292929,0.0136498040172289,0.072208781841357,0.00416537717751239
"aki2_7d","alb_cat","G1","normal",47,40,FALSE,776,0.0605670103092784,0.0515463917525773,1.18628257486454,0.768472159873667,1.83125221824379,0.440615755804396,0.00902061855670104,-0.0138787465475578,0.0319199836609599,0.440177750481783
"aki2_7d","alb_cat","G1","low",15,6,TRUE,122,0.122950819672131,0.0491803278688525,2.71028035297884,1.01051085498635,7.26921393817417,0.0476168270107261,0.0737704918032787,0.00371182559697651,0.143829158009581,0.0400988078704634
"aki2_7d","alb_cat","G1","missing",70,60,FALSE,1250,0.056,0.048,1.17655366002021,0.825589674833401,1.67671490705875,0.368340735058599,0.00799999999999998,-0.00941105949660261,0.0254110594966026,0.367900072028211
"aki2_7d","alb_cat","G2","normal",51,23,FALSE,593,0.0860033726812816,0.0387858347386172,2.33194288464618,1.40513465653401,3.87006155742082,0.00105276325599009,0.0472175379426644,0.0197945363780543,0.0746405395072745,0.000762700156903032
"aki2_7d","alb_cat","G2","low",12,4,TRUE,107,0.11214953271028,0.0373831775700935,3.25263157894718,1.00856870945742,10.4897287504149,0.0483496989597694,0.0747663551401869,0.00467487688682945,0.144857833393544,0.0377443525982876
"aki2_7d","alb_cat","G2","missing",78,31,FALSE,769,0.101430429128739,0.0403120936280884,2.68726950189065,1.74956234820144,4.12755646188618,6.34191615101008e-06,0.0611183355006502,0.0356346719626726,0.0866019990386278,2.82434234559223e-06
"aki2_7d","alb_cat","G3plus","normal",28,14,TRUE,218,0.128440366972477,0.0642201834862385,2.14736842093399,1.09569970199752,4.20844427247547,0.0259990037816345,0.0642201834862385,0.0090327557529638,0.119407611219513,0.0230441114252159
"aki2_7d","alb_cat","G3plus","low",6,7,TRUE,103,0.058252427184466,0.0679611650485437,0.848306333167209,0.27351969658917,2.63097555263993,0.775736222427716,-0.00970873786407773,-0.0764305032918776,0.0570130275637222,0.775779361557028
"aki2_7d","alb_cat","G3plus","missing",40,17,TRUE,264,0.151515151515152,0.0643939393939394,2.59453781499078,1.42859843458172,4.71204945383278,0.00173847459070078,0.0871212121212122,0.0346059286975334,0.139636495544891,0.0012212078091959
"aki2_7d","baseline_cr","G1","Q1",107,64,FALSE,1269,0.0843183609141056,0.0504334121355398,1.73374299886582,1.25875394846978,2.38796850629177,0.000754980646348965,0.0338849487785658,0.0144168845676733,0.0533530129894584,0.000656284833008939
"aki2_7d","baseline_cr","G1","Q2",22,42,FALSE,841,0.0261593341260404,0.0499405469678954,0.511018082500294,0.302213027887246,0.864090745749408,0.0122426226608825,-0.0237812128418549,-0.0420430413923201,-0.00551938429138972,0.0107866900549912
"aki2_7d","baseline_cr","G1","Q3",3,0,TRUE,38,0.0789473684210526,0,NA,NA,NA,NA,NA,NA,NA,NA
"aki2_7d","baseline_cr","G2","Q1",16,2,TRUE,91,0.175824175824176,0.021978021978022,9.4933333152384,2.0970025567431,42.9772377455695,0.0034875418291646,0.153846153846154,0.0695674140424169,0.238124893649891,0.000445174941035539
"aki2_7d","baseline_cr","G2","Q2",49,25,FALSE,473,0.103594080338266,0.0528541226215645,2.07094339140054,1.25580386756225,3.41518818437067,0.00433803698279004,0.0507399577167019,0.0166335484680066,0.0848463669653974,0.00363074380875499
"aki2_7d","baseline_cr","G2","Q3",55,25,FALSE,657,0.0837138508371385,0.0380517503805175,2.30963455149493,1.42041713128899,3.75552479898517,0.000738284676178421,0.045662100456621,0.0199025895107704,0.0714216114024716,0.000528765847655937
"aki2_7d","baseline_cr","G2","Q4",21,6,TRUE,248,0.0846774193548387,0.0241935483870968,3.731277531525,1.4765056349894,9.42931180710547,0.00537177420092599,0.0604838709677421,0.0208272056304773,0.100140536305007,0.00293488688266959
"aki2_7d","baseline_cr","G3plus","Q3",14,10,TRUE,97,0.144329896907216,0.103092783505155,1.46746986646462,0.61483314006777,3.5025239673065,0.387520843783057,0.0412371134020619,-0.0517259812165321,0.134200208020656,0.385698505032741
"aki2_7d","baseline_cr","G3plus","Q4",60,28,FALSE,488,0.122950819672131,0.0573770491803279,2.30307075979092,1.44233939082497,3.67745272599822,0.000475820401918447,0.0655737704918033,0.0298349445507799,0.101312596432827,0.000339090846288291
"aki2_7d","age","G1","Q1",34,40,FALSE,776,0.0438144329896907,0.0515463917525773,0.843126718617425,0.527625509154392,1.34728638269568,0.475521503899667,-0.00773195876288662,-0.0289453495124232,0.0134814319866499,0.475093478227565
"aki2_7d","age","G1","Q2",26,32,FALSE,653,0.0398162327718224,0.0490045941807044,0.804724880382784,0.473823067624764,1.36671719330459,0.421432297819307,-0.00918836140888209,-0.0315455587039152,0.013168835886151,0.420666041867642
"aki2_7d","age","G1","Q3",35,25,FALSE,488,0.0717213114754098,0.0512295081967213,1.4309050716113,0.842335658119552,2.43072853942073,0.185054804587778,0.0204918032786885,-0.00965107172005469,0.0506346782774317,0.18302334442793
"aki2_7d","age","G1","Q4",37,9,TRUE,231,0.16017316017316,0.038961038961039,4.70446735395179,2.21082509554149,10.0107480818049,5.83965013486712e-05,0.121212121212121,0.0676192683722693,0.174804974051973,1.16348516667741e-05
"aki2_7d","age","G2","Q1",17,9,TRUE,316,0.0537974683544304,0.0284810126582278,1.93942772199438,0.850074301626795,4.42476602532524,0.115482835085697,0.0253164556962025,-0.00563904719161862,0.0562719585840236,0.109445979651925
"aki2_7d","age","G2","Q2",27,17,TRUE,346,0.0780346820809249,0.0491329479768786,1.63802322157459,0.875029785655942,3.06631856240901,0.122908584427349,0.0289017341040463,-0.00744842617983306,0.0652518943879256,0.119601480401968
"aki2_7d","age","G2","Q3",34,10,TRUE,324,0.104938271604938,0.0308641975308642,3.68137931032874,1.7846781058458,7.59383643589531,0.000418718479600223,0.0740740740740741,0.0356961502813775,0.112451997866771,0.000169315615312246
"aki2_7d","age","G2","Q4",63,22,FALSE,483,0.130434782608696,0.0455486542443064,3.14318173961966,1.89960808376791,5.200857762556,8.29838071638225e-06,0.0848861283643893,0.0495240461248915,0.120248210603887,2.9101801358833e-06
"aki2_7d","age","G3plus","Q1",9,11,TRUE,113,0.079646017699115,0.0973451327433628,0.802447552447772,0.317740141243819,2.02656822618866,0.641480989112644,-0.0176991150442478,-0.0920508833428876,0.056652653254392,0.641261372399737
"aki2_7d","age","G3plus","Q2",15,2,TRUE,106,0.141509433962264,0.0188679245283019,8.5714284209241,1.89511606346847,38.7677496862967,0.00526658909946183,0.122641509433962,0.0510733385385078,0.194209680329417,0.000929790942059433
"aki2_7d","age","G3plus","Q3",20,13,TRUE,174,0.114942528735632,0.0747126436781609,1.60839160838911,0.771616005265222,3.35260485563322,0.204744352468173,0.0402298850574713,-0.0213664695761588,0.101826239691101,0.201361370477334
"aki2_7d","age","G3plus","Q4",30,12,TRUE,192,0.15625,0.0625,2.77777777750563,1.3736932332644,5.61701054817598,0.00445831167613016,0.0937499999999999,0.0318619619479926,0.155638038052007,0.00317542381843768
"aki2_7d","hemoglobin","G1","Q1",54,22,FALSE,569,0.0949033391915641,0.0386643233743409,2.60706090026472,1.56460914140952,4.34406674344624,0.000234750033287057,0.0562390158172232,0.0273886647130079,0.0850893669214385,0.000140281633693095
"aki2_7d","hemoglobin","G1","Q2",45,27,FALSE,597,0.0753768844221105,0.0452261306532663,1.72101444499618,1.05256354993025,2.81397804444375,0.0304480584913066,0.0301507537688442,0.00317748209271042,0.0571240254449781,0.0286528093178355
"aki2_7d","hemoglobin","G1","Q3",24,22,FALSE,532,0.0451127819548872,0.0413533834586466,1.09520400858983,0.605901615941321,1.97964783204571,0.763339510358308,0.00375939849624059,-0.0207039800839934,0.0282227770764746,0.763319349065439
"aki2_7d","hemoglobin","G1","Q4",9,35,TRUE,449,0.0200445434298441,0.0779510022271715,0.241948053767974,0.114797287007556,0.509932440461396,0.000191090473869445,-0.0579064587973274,-0.0859200578580099,-0.0298928597366448,5.53071882680797e-05
"aki2_7d","hemoglobin","G2","Q1",60,8,TRUE,457,0.131291028446389,0.0175054704595186,8.48236735534635,4.00360401940403,17.9714466271706,2.38636848615107e-08,0.113785557986871,0.0805327892829499,0.147038326690792,3.485832425227e-11
"aki2_7d","hemoglobin","G2","Q2",32,23,FALSE,367,0.0871934604904632,0.0626702997275204,1.42868267345633,0.818302033498165,2.49435306021258,0.209574277368527,0.0245231607629428,-0.0135815967426889,0.0626279182685745,0.20756608926071
"aki2_7d","hemoglobin","G2","Q3",37,16,TRUE,353,0.104815864022663,0.0453257790368272,2.46617873120653,1.34393963734176,4.5255288000028,0.00356365372669882,0.0594900849858357,0.0208084506096071,0.0981717193620643,0.0026677050217413
"aki2_7d","hemoglobin","G2","Q4",12,11,TRUE,290,0.0413793103448276,0.0379310344827586,1.09483322432959,0.474411154515734,2.52662648777616,0.831838354969356,0.00344827586206896,-0.0283694194810913,0.0352659712052292,0.831856580613152
"aki2_7d","hemoglobin","G3plus","Q1",32,9,TRUE,240,0.133333333333333,0.0375,3.94871794871773,1.83842886598938,8.48135803727947,0.00042968194717206,0.0958333333333333,0.0464617183189281,0.145204948347739,0.000160539146716579
"aki2_7d","hemoglobin","G3plus","Q2",23,10,TRUE,172,0.133720930232558,0.0581395348837209,2.50067113990515,1.14942216631491,5.44043462290537,0.0208246061686015,0.0755813953488372,0.0136734740784663,0.137489316619208,0.0172546440325713
"aki2_7d","hemoglobin","G3plus","Q3",12,9,TRUE,105,0.114285714285714,0.0857142857142857,1.37634408602146,0.551537601953509,3.43462174911864,0.493572886240817,0.0285714285714286,-0.052876997772155,0.110019854915012,0.492501115456742
"aki2_7d","hemoglobin","G3plus","Q4",7,10,TRUE,66,0.106060606060606,0.151515151515152,0.664406782776504,0.234670460956845,1.88109049259764,0.441289378047972,-0.0454545454545455,-0.160352388972824,0.069443298063733,0.439516066883273
"aki2_7d","map","G1","Q1",33,23,FALSE,487,0.0677618069815195,0.0472279260780287,1.46638572862191,0.847343766981961,2.5376797338875,0.171306115568792,0.0205338809034907,-0.00870673531378125,0.0497744971207627,0.169018806591638
"aki2_7d","map","G1","Q2",28,28,FALSE,504,0.0555555555555556,0.0555555555555556,1,0.583008068186245,1.71524212882856,1,-1.4465118350792e-17,-0.0283099454314745,0.0283099454314744,0.999999999999999
"aki2_7d","map","G1","Q3",26,20,FALSE,526,0.0494296577946768,0.0380228136882129,1.31559999999995,0.724564296743449,2.38875054674782,0.367421092254011,0.0114068441064639,-0.0133209052704526,0.0361345934833803,0.36612712121675
"aki2_7d","map","G1","Q4",44,35,FALSE,621,0.07085346215781,0.0563607085346216,1.2767516702666,0.806850902084001,2.02031728949947,0.296750819765136,0.0144927536231884,-0.0126632280706701,0.041648735317047,0.295754004313766
"aki2_7d","map","G2","Q1",37,19,TRUE,392,0.0943877551020408,0.048469387755102,2.0461082084884,1.15401782310521,3.62781121488964,0.0142751521683875,0.0459183673469388,0.00996052047149089,0.0818762142223867,0.0125198930805865
"aki2_7d","map","G2","Q2",35,11,TRUE,344,0.101744186046512,0.0319767441860465,3.42894969107848,1.70964338895306,6.8772798233363,0.000519888649515795,0.0697674418604652,0.0327501319487634,0.106784751772167,0.000238270873237268
"aki2_7d","map","G2","Q3",32,16,TRUE,347,0.0922190201729107,0.0461095100864553,2.10158725779581,1.12993469513275,3.90878253509229,0.0189836960463018,0.0461095100864553,0.00845558689860319,0.0837634332743075,0.016652054132404
"aki2_7d","map","G2","Q4",34,12,TRUE,379,0.0897097625329815,0.0316622691292876,3.01400966182802,1.53425895409113,5.92093936774446,0.0013623503499905,0.0580474934036939,0.0242610880848017,0.0918338987225861,0.000797132759496657
"aki2_7d","map","G3plus","Q1",25,9,TRUE,184,0.135869565217391,0.0489130434782609,3.05730255994939,1.38234162335347,6.76178651149754,0.00578898416088004,0.0869565217391304,0.0282942070862579,0.145618836392003,0.00389132616472746
"aki2_7d","map","G3plus","Q2",18,10,TRUE,148,0.121621621621622,0.0675675675675676,1.91076923073491,0.848279796663782,4.30405046481422,0.118088399805303,0.054054054054054,-0.0125663340711422,0.12067444217925,0.112843437625813
"aki2_7d","map","G3plus","Q3",17,11,TRUE,123,0.138211382113821,0.0894308943089431,1.63293310463121,0.7286970210888,3.65923071870987,0.233579469593416,0.048780487804878,-0.0306850510722363,0.128246026681992,0.230080509967774
"aki2_7d","map","G3plus","Q4",14,8,TRUE,129,0.108527131782946,0.062015503875969,1.84130434761421,0.741961218202165,4.5695133618415,0.188035878071576,0.0465116279069768,-0.0216755682542476,0.114698824068201,0.182426173585863
"aki2_7d","heart_failure","G1","0",92,87,FALSE,1763,0.05218377765173,0.0493477027793534,1.06063544662048,0.785012299387855,1.43303175186561,0.701405010515828,0.00283607487237665,-0.0116593556766575,0.0173315054214108,0.701387078024944
"aki2_7d","heart_failure","G1","1",40,19,TRUE,385,0.103896103896104,0.0493506493506494,2.23340959472451,1.26773412180867,3.93467236701885,0.00541792971776889,0.0545454545454546,0.0171188321208261,0.0919720769700831,0.00439910203377438
"aki2_7d","heart_failure","G2","0",83,40,FALSE,1030,0.0805825242718447,0.0388349514563107,2.16921858500523,1.47188385756316,3.1969297341996,9.09576548278982e-05,0.0417475728155339,0.0213526655637892,0.0621424800672787,6.23475923473976e-05
"aki2_7d","heart_failure","G2","1",58,18,TRUE,439,0.132118451025057,0.041002277904328,3.56051287980661,2.05977312042094,6.15468365985764,5.4227384737027e-06,0.091116173120729,0.0543661871975554,0.127866159043903,1.39389324407076e-06
"aki2_7d","heart_failure","G3plus","0",41,24,FALSE,306,0.133986928104575,0.0784313725490196,1.81792452830112,1.06811859350333,3.09408488036826,0.0276033641399601,0.0555555555555556,0.00685343975836031,0.104257671352751,0.0257248546748807
"aki2_7d","heart_failure","G3plus","1",33,14,TRUE,279,0.118279569892473,0.0501792114695341,2.53919859214737,1.32564000239107,4.86371071990414,0.0049528539056948,0.0681003584229391,0.0222771886223043,0.113923528223574,0.003725201666656
"aki2_7d","diabetes","G1","0",97,76,FALSE,1548,0.0626614987080103,0.0490956072351421,1.29478761366065,0.950624317620289,1.76355152441902,0.101256180872537,0.0135658914728682,-0.00261390163577659,0.029745684581513,0.100411067927666
"aki2_7d","diabetes","G1","1",35,30,FALSE,600,0.0583333333333333,0.05,1.17699114395979,0.712619643472127,1.94396571249437,0.524413783753319,0.00833333333333331,-0.0172971870736136,0.0339638537402802,0.524076553534481
"aki2_7d","diabetes","G2","0",90,32,FALSE,943,0.095440084835631,0.0339342523860021,3.00373681125269,1.98489529169532,4.54554699636994,1.95679139410458e-07,0.0615058324496288,0.0394658109693879,0.0835458539298697,5.11087961620091e-08
"aki2_7d","diabetes","G2","1",51,26,FALSE,526,0.096958174904943,0.0494296577946768,2.06477731328412,1.26596441074508,3.36763444317019,0.00367367686389618,0.0475285171102662,0.0161517619588862,0.0789052722616462,0.00305609671475291
"aki2_7d","diabetes","G3plus","0",39,18,TRUE,304,0.128289473684211,0.0592105263157895,2.33836477919419,1.30411032675044,4.19285832526211,0.00435493672824062,0.0690789473684211,0.0229908552364816,0.115167039500361,0.00343182684560384
"aki2_7d","diabetes","G3plus","1",35,20,FALSE,281,0.124555160142349,0.0711743772241993,1.85670731706338,1.04230030994782,3.30745566161185,0.0356724197324328,0.0533807829181495,0.0043598213551623,0.102401744481137,0.0332503828597803
"aki2_7d","hypertension","G1","0",37,31,FALSE,612,0.0604575163398693,0.0506535947712418,1.20600279953137,0.737823104374994,1.97126214109213,0.454962191548502,0.00980392156862746,-0.0158765473897364,0.0354843905269913,0.454446891907408
"aki2_7d","hypertension","G1","1",95,75,FALSE,1536,0.0618489583333333,0.048828125,1.28424703973762,0.940537144710338,1.75356227911953,0.115432603630352,0.0130208333333334,-0.00314852174747791,0.0291901884141447,0.114589219375835
"aki2_7d","hypertension","G2","0",15,8,TRUE,270,0.0555555555555556,0.0296296296296296,1.92647058821604,0.801580728315789,4.62996276751722,0.142748961532925,0.0259259259259259,-0.00813164719673171,0.0599834990485835,0.136278225480666
"aki2_7d","hypertension","G2","1",126,50,FALSE,1199,0.105087572977481,0.0417014178482068,2.69848997924483,1.92427736104374,3.78419884550064,8.71427250021425e-09,0.0633861551292743,0.0426565642182837,0.0841157460402649,2.36802211760973e-09
"aki2_7d","hypertension","G3plus","0",7,6,TRUE,70,0.1,0.0857142857142857,1.18518518518515,0.37420636489069,3.75371467450233,0.772694649385566,0.0142857142857143,-0.0825332561874233,0.111104684758852,0.77286270558834
"aki2_7d","hypertension","G3plus","1",67,32,FALSE,515,0.130097087378641,0.0621359223300971,2.25732421850043,1.45265527902515,3.50772320247104,0.000294231217351547,0.0679611650485437,0.0321647684638572,0.10375756163323,0.000209057441335074
"aki2_7d","ckd","G1","0",127,105,FALSE,2088,0.060823754789272,0.0502873563218391,1.22309316767679,0.937409467430494,1.5958414639423,0.137868922145564,0.0105363984674329,-0.00335822903161707,0.0244310259664828,0.13727995283382
"aki2_7d","ckd","G1","1",5,1,TRUE,60,0.0833333333333333,0.0166666666666667,5.36363588987139,0.596298141749504,48.2453121096622,0.13395510843752,0.0666666666666667,-0.0110567795167663,0.1443901128501,0.0953740948221707
"aki2_7d","ckd","G2","0",105,49,FALSE,1221,0.085995085995086,0.0401310401310401,2.25038402457755,1.58739284168704,3.19028039252825,5.23665897291843e-06,0.0458640458640457,0.0266600076719001,0.0650680840561914,3.01150018239138e-06
"aki2_7d","ckd","G2","1",36,9,TRUE,248,0.145161290322581,0.0362903225806452,4.50943396226361,2.11944879732557,9.59447318834794,9.23034722385033e-05,0.108870967741935,0.0591325528509411,0.15860938263293,2.14853448841834e-05
"aki2_7d","ckd","G3plus","0",27,14,TRUE,228,0.118421052631579,0.0614035087719298,2.05330490376177,1.04536107631927,4.03311460826238,0.0367258850599095,0.0570175438596492,0.00465247293319888,0.109382614786099,0.0333664985474203
"aki2_7d","ckd","G3plus","1",47,24,FALSE,357,0.131652661064426,0.0672268907563025,2.10362903221567,1.2553934386128,3.52499461051073,0.00474885120201753,0.0644257703081233,0.0207187043209332,0.108132836295313,0.00398072266928149
"aki2_7d","surg_cabg","G1","0",113,85,FALSE,1654,0.0683192261185006,0.0513905683192261,1.3535671972915,1.01267835366009,1.80920639901279,0.040844306558755,0.0169286577992745,0.000766278779923229,0.0330910368186258,0.0401582850848648
"aki2_7d","surg_cabg","G1","1",19,21,TRUE,494,0.0384615384615385,0.0425101214574899,0.900952380952406,0.477852641916488,1.69867260645107,0.747169186396851,-0.00404858299595139,-0.0286523679376494,0.0205552019457466,0.747126856157138
"aki2_7d","surg_cabg","G2","0",124,38,FALSE,1181,0.104995766299746,0.0321761219305673,3.52865607727286,2.42986846221511,5.12431594767224,3.48872770972562e-11,0.0728196443691787,0.0526375898737999,0.0930016988645575,2.00458443301469e-12
"aki2_7d","surg_cabg","G2","1",17,20,TRUE,288,0.0590277777777778,0.0694444444444444,0.840590406155682,0.430387101864842,1.64175977360695,0.611149128792263,-0.0104166666666667,-0.0505222524796128,0.0296889191462794,0.61089675965374
"aki2_7d","surg_cabg","G3plus","0",59,28,FALSE,478,0.123430962343096,0.0585774058577406,2.26304125387741,1.41504058511494,3.61922885507559,0.000651759613124622,0.0648535564853557,0.0285837180338504,0.101123394936861,0.000478467938474982
"aki2_7d","surg_cabg","G3plus","1",15,10,TRUE,107,0.14018691588785,0.0934579439252336,1.58152163987344,0.67361494313829,3.7131164070309,0.292491021734522,0.0467289719626168,-0.0395198738790224,0.132977817804256,0.289483297658159
"aki2_7d","surg_combined","G1","0",119,101,FALSE,2008,0.0592629482071713,0.0502988047808765,1.1894448781148,0.905486623636546,1.56245170402586,0.212544857783987,0.00896414342629485,-0.00511232979677619,0.0230406166493659,0.2120444815695
"aki2_7d","surg_combined","G1","1",13,5,TRUE,140,0.0928571428571429,0.0357142857142857,2.76377952755857,0.954372083306132,8.00366797244392,0.0609422716745634,0.0571428571428571,-0.000126919686893885,0.114412633972608,0.0515071869925879
"aki2_7d","surg_combined","G2","0",120,55,FALSE,1338,0.0896860986547085,0.0411061285500747,2.29825322768198,1.65430253619488,3.19286695328404,7.01472239865613e-07,0.0485799701046338,0.0299295439330158,0.0672303962762519,3.53396510743295e-07
"aki2_7d","surg_combined","G2","1",21,3,TRUE,131,0.16030534351145,0.0229007633587786,8.14545453732742,2.3547352955199,28.1765979156562,0.000924384019917552,0.137404580152672,0.0692944209775396,0.205514739327804,9.91058016811144e-05
"aki2_7d","surg_combined","G3plus","0",69,35,FALSE,534,0.129213483146067,0.0655430711610487,2.11557603679127,1.3812961806126,3.24018992469851,0.000570756677198743,0.0636704119850187,0.0282810250511843,0.0990597989188532,0.000439309049017991
"aki2_7d","surg_combined","G3plus","1",5,3,TRUE,51,0.0980392156862745,0.0588235294117647,1.73913043420811,0.387194151225727,7.81151951188857,0.4702795942351,0.0392156862745098,-0.0658925368200299,0.144323909369049,0.466322873677569
"aki2_7d","vent_at_t0","G1","0",35,51,FALSE,1020,0.0343137254901961,0.05,0.675126903553597,0.435034069904038,1.04772560917449,0.0797610969918286,-0.0156862745098039,-0.0331217685776803,0.00174921955807253,0.0779891854454793
"aki2_7d","vent_at_t0","G1","1",97,55,FALSE,1128,0.0859929078014184,0.048758865248227,1.83548186371215,1.30402701392721,2.58353058336588,0.00049768054187432,0.0372340425531915,0.0165938559515019,0.0578742291548811,0.000414807213761502
"aki2_7d","vent_at_t0","G2","0",28,19,TRUE,574,0.0487804878048781,0.0331010452961672,1.49797570850055,0.826269795944403,2.71573671731878,0.183084965550272,0.0156794425087108,-0.00724793014723632,0.038606815164658,0.180383025228328
"aki2_7d","vent_at_t0","G2","1",113,39,FALSE,895,0.126256983240223,0.0435754189944134,3.1716176606412,2.17566806825903,4.62348036083486,1.94506674680955e-09,0.0826815642458102,0.0571252181105674,0.108237910381053,2.88161823465404e-10
"aki2_7d","vent_at_t0","G3plus","0",13,11,TRUE,185,0.0702702702702703,0.0594594594594595,1.19556025338807,0.520069533850641,2.74841002297944,0.674069519996876,0.0108108108108108,-0.0395044212208096,0.0611260428424312,0.67390694179521
"aki2_7d","vent_at_t0","G3plus","1",61,27,FALSE,400,0.1525,0.0675,2.48585163329857,1.54293922982217,4.0049913978047,0.000182335455004101,0.085,0.0419837851869541,0.128016214813046,0.000116329137318875
"aki2_7d","sex","G1","0",60,78,FALSE,1473,0.0407331975560081,0.0529531568228106,0.759431651151401,0.537996090737538,1.07200859392844,0.117666445206908,-0.0122199592668024,-0.0274794795008632,0.00303956096725828,0.116619062705463
"aki2_7d","sex","G1","1",72,28,FALSE,675,0.106666666666667,0.0414814814814815,2.75906157549265,1.75795720435693,4.33026512732695,1.01866390350597e-05,0.0651851851851852,0.0374409430584795,0.0929294273118909,4.51346777258545e-06
"aki2_7d","sex","G2","0",84,41,FALSE,1057,0.0794701986754967,0.0387890255439924,2.13932268819086,1.45745685597334,3.1401969433611,0.000102868326854681,0.0406811731315043,0.0206371180581358,0.0607252282048728,7.18420394385028e-05
"aki2_7d","sex","G2","1",57,17,TRUE,412,0.138349514563107,0.0412621359223301,3.7307369904401,2.12897161062288,6.53761582464966,4.22128358244287e-06,0.0970873786407767,0.0585646244830595,0.135610132798494,9.47968825832131e-07
"aki2_7d","sex","G3plus","0",43,24,FALSE,362,0.11878453038674,0.0662983425414365,1.89838035522462,1.12520096891053,3.20284826682309,0.0163038824003036,0.0524861878453039,0.0103834032368539,0.0945889724537538,0.01478905719718
"aki2_7d","sex","G3plus","1",31,14,TRUE,223,0.139013452914798,0.062780269058296,2.41034226168961,1.24289126102122,4.67438302986653,0.00922875513656394,0.0762331838565022,0.0206514242652857,0.131814943447719,0.00745309927460709
"aki2_7d","vaso_at_t0","G1","0",63,50,FALSE,1041,0.0605187319884726,0.048030739673391,1.27674845223318,0.871568136869421,1.87029165170597,0.209736237703452,0.0124879923150817,-0.00697774036456699,0.0319537249947303,0.208745291863065
"aki2_7d","vaso_at_t0","G1","1",69,56,FALSE,1107,0.0623306233062331,0.0505871725383921,1.24757431279598,0.867817849471162,1.79351192983277,0.232302814873591,0.011743450767841,-0.00748744582206108,0.0309743473577431,0.231479804345784
"aki2_7d","vaso_at_t0","G2","0",53,23,FALSE,644,0.0822981366459627,0.0357142857142857,2.42131979695389,1.46481913920724,4.00239824985748,0.000563283921069518,0.0465838509316771,0.0209522514025963,0.0722154504607578,0.000381228801600033
"aki2_7d","vaso_at_t0","G2","1",88,35,FALSE,825,0.106666666666667,0.0424242424242424,2.69509576315825,1.79831432970005,4.03908318619976,1.56319014243759e-06,0.0642424242424242,0.0390700912549034,0.089414757229945,6.27557048407372e-07
"aki2_7d","vaso_at_t0","G3plus","0",26,18,TRUE,247,0.105263157894737,0.0728744939271255,1.49673202613939,0.79712097018745,2.81037237992186,0.209625439078703,0.0323886639676114,-0.0178694439971097,0.0826467719323324,0.207146028937002
"aki2_7d","vaso_at_t0","G3plus","1",48,20,FALSE,338,0.142011834319527,0.0591715976331361,2.63172413715582,1.52416901330058,4.54409706118508,0.000515886220937185,0.0828402366863905,0.0378562029741077,0.127824270398673,0.000329612183629554
