"outcome","modifier","target","scale","n_pairs","global_p","term","estimate","ci_lo","ci_hi","p_term","q"
"aki1_48h","alb_cat","three_way","OR",4690,0.117706794371571,"treated:egfr30:modifierlow",1.39081183338053,0.914697329603449,2.11475150661031,0.122838830350349,0.344010869636076
"aki1_48h","alb_cat","three_way","OR",4690,0.117706794371571,"treated:egfr30:modifiermissing",0.91702193300056,0.682517195787933,1.2320996903723,0.565382409419249,0.344010869636076
"aki1_48h","alb_cat","egfr_competing","OR",4690,6.73855537037807e-37,"treated:egfr30",0.424606554601107,0.371986621885982,0.484669919837827,6.73855537037802e-37,1.68246947488912e-36
"aki1_48h","alb_cat","modifier_competing","OR",4690,0.502887409723758,"treated:modifierlow",0.94365654818419,0.6708114041264,1.3274784469274,0.739085695760687,0.502887409723758
"aki1_48h","alb_cat","modifier_competing","OR",4690,0.502887409723758,"treated:modifiermissing",0.890519049766675,0.733410790890381,1.08128239705144,0.241652285613326,0.502887409723758
"aki1_48h","alb_cat","three_way","RD",4690,0.150824032506276,"treated:egfr30:modifierlow",0.0558841656325909,-0.0279503799116733,0.139718711176855,0.191401961838975,0.505162593762185
"aki1_48h","alb_cat","three_way","RD",4690,0.150824032506276,"treated:egfr30:modifiermissing",-0.0225387762796484,-0.0795361122503422,0.0344585596910455,0.438327435615497,0.505162593762185
"aki1_48h","alb_cat","egfr_competing","RD",4690,1.49454787652771e-46,"treated:egfr30",-0.189713672049535,-0.215668278251207,-0.163759065847863,4.57330215908152e-46,3.48727837856466e-46
"aki1_48h","alb_cat","modifier_competing","RD",4690,0.563743946928902,"treated:modifierlow",-0.00305965935158639,-0.0734508580423868,0.067331539339214,0.932108703079146,0.563743946928902
"aki1_48h","alb_cat","modifier_competing","RD",4690,0.563743946928902,"treated:modifiermissing",-0.0204288278214542,-0.0589152976033253,0.0180576419604169,0.298190842125899,0.563743946928902
"aki1_48h","baseline_cr","three_way","OR",4690,3.42381873677675e-12,"treated:egfr30:modifier",0.357256486091298,0.267349555354348,0.477398201336585,3.42381873677677e-12,4.79334623148745e-11
"aki1_48h","baseline_cr","egfr_competing","OR",4690,8.4182799092015e-27,"treated:egfr30",0.244035945902969,0.188552831833169,0.31584539099073,8.41827990920147e-27,9.82132656073509e-27
"aki1_48h","baseline_cr","modifier_competing","OR",4690,1.38451308384715e-06,"treated:modifier",0.296847222933924,0.181286386263099,0.486072206413213,1.38451308384715e-06,3.87663663477202e-06
"aki1_48h","baseline_cr","three_way","RD",4690,1.01902167489803e-14,"treated:egfr30:modifier",-0.215216805995918,-0.269738270795981,-0.160695341195854,1.12431924199936e-14,1.42663034485724e-13
"aki1_48h","baseline_cr","egfr_competing","RD",4690,3.52094414539174e-31,"treated:egfr30",-0.299380443752702,-0.34990680803885,-0.248854079466555,5.73378585175759e-31,4.10776816962369e-31
"aki1_48h","baseline_cr","modifier_competing","RD",4690,1.78579887034335e-06,"treated:modifier",-0.24541065366347,-0.346117953619516,-0.144703353707425,1.81288304583194e-06,5.00023683696137e-06
"aki1_48h","age","three_way","OR",4690,0.273404250550883,"treated:egfr30:modifier",1.064873890502,0.95158400045202,1.19165139612922,0.273404250550883,0.474926824887202
"aki1_48h","age","egfr_competing","OR",4690,7.98242735007115e-24,"treated:egfr30",0.487122544962658,0.423451503691877,0.560367295291407,7.98242735007105e-24,8.59646022315355e-24
"aki1_48h","age","modifier_competing","OR",4690,7.25614080514838e-14,"treated:modifier",1.39959214247213,1.28162369648038,1.52841912228151,7.25614080514834e-14,8.17998507536373e-13
"aki1_48h","age","three_way","RD",4690,0.545321554776512,"treated:egfr30:modifier",-0.00610937181142051,-0.0259087378831905,0.0136899942603495,0.545336196505147,0.635066352627589
"aki1_48h","age","egfr_competing","RD",4690,9.69505543605468e-28,"treated:egfr30",-0.154998310738203,-0.182829410834623,-0.127167210641782,1.42017824139931e-27,1.04408289311358e-27
"aki1_48h","age","modifier_competing","RD",4690,6.71876012688368e-14,"treated:modifier",0.0646933643245595,0.0477716072484345,0.0816151214006844,7.32734152478476e-14,4.70313208881858e-13
"aki1_48h","hemoglobin","three_way","OR",4684,0.169362197577607,"treated:egfr30:modifier",0.938920402610089,0.858205355561813,1.02722677821136,0.169362197577606,0.38755352822424
"aki1_48h","hemoglobin","egfr_competing","OR",4684,4.57530357187532e-33,"treated:egfr30",0.444784902299928,0.389565697528107,0.507831183723981,4.57530357187537e-33,6.40542500062545e-33
"aki1_48h","hemoglobin","modifier_competing","OR",4684,1.16856929648053e-13,"treated:modifier",0.789093170340072,0.741234655290386,0.840041715579812,1.16856929648053e-13,8.17998507536373e-13
"aki1_48h","hemoglobin","three_way","RD",4684,0.635066352627589,"treated:egfr30:modifier",-0.00411309204299925,-0.0210990240170563,0.0128728399310578,0.63507742511016,0.635066352627589
"aki1_48h","hemoglobin","egfr_competing","RD",4684,3.03267446166416e-41,"treated:egfr30",-0.177426271800386,-0.203279556872251,-0.151572986728521,7.25778738757778e-41,3.85976749666348e-41
"aki1_48h","hemoglobin","modifier_competing","RD",4684,2.60618078902552e-15,"treated:modifier",-0.0490812227992838,-0.0612453288631586,-0.036917116735409,2.90137619650422e-15,3.64865310463573e-14
"aki1_48h","map","three_way","OR",4672,0.799265963908503,"treated:egfr30:modifier",1.01515944603602,0.904006054142432,1.13997986645539,0.799265963908502,0.860747961132234
"aki1_48h","map","egfr_competing","OR",4672,3.07407490229841e-37,"treated:egfr30",0.424091601041685,0.371702628984819,0.483864444449344,3.07407490229839e-37,1.60124753154612e-36
"aki1_48h","map","modifier_competing","OR",4672,0.37708180017348,"treated:modifier",0.964277895391141,0.889502399262889,1.0453393496302,0.377081800173479,0.43992876686906
"aki1_48h","map","three_way","RD",4672,0.603728359317025,"treated:egfr30:modifier",0.00599887819083444,-0.0166538180392009,0.0286515744208697,0.603740662522973,0.635066352627589
"aki1_48h","map","egfr_competing","RD",4672,3.15837310546012e-47,"treated:egfr30",-0.190152850406165,-0.215973659053452,-0.164332041758878,1.00358164389797e-46,1.73079910203368e-46
"aki1_48h","map","modifier_competing","RD",4672,0.364396845447485,"treated:modifier",-0.00746228570270763,-0.0235877283817067,0.00866315697629143,0.364420249953359,0.425129653022066
"aki1_48h","heart_failure","three_way","OR",4690,0.19377676411212,"treated:egfr30:modifier1",1.20851846098646,0.908221347699627,1.60810673988707,0.19377676411212,0.38755352822424
"aki1_48h","heart_failure","egfr_competing","OR",4690,9.74014234063315e-33,"treated:egfr30",0.440129495534778,0.384552913817164,0.503738148586229,9.74014234063317e-33,1.23965447971695e-32
"aki1_48h","heart_failure","modifier_competing","OR",4690,0.0105212235492226,"treated:modifier1",1.31526865002899,1.06617941587737,1.622552073307,0.0105212235492226,0.0147297129689116
"aki1_48h","heart_failure","three_way","RD",4690,0.306278344200247,"treated:egfr30:modifier1",0.0292542301337742,-0.02679151172503,0.0852999719925784,0.30630475031724,0.533710067005815
"aki1_48h","heart_failure","egfr_competing","RD",4690,2.88982742679705e-41,"treated:egfr30",-0.18224554027107,-0.208794014522793,-0.155697066019347,6.91461890330319e-41,3.85976749666348e-41
"aki1_48h","heart_failure","modifier_competing","RD",4690,0.00818674397339129,"treated:modifier1",0.057351199319641,0.0148410278624362,0.0998613707768458,0.00820038202616142,0.0114614415627478
"aki1_48h","diabetes","three_way","OR",4690,0.685583352481193,"treated:egfr30:modifier1",0.945873655442329,0.722496614183517,1.23831303081039,0.685583352481193,0.799847244561392
"aki1_48h","diabetes","egfr_competing","OR",4690,2.68095315813492e-35,"treated:egfr30",0.43324325655961,0.379579287390085,0.494494103313601,2.68095315813489e-35,5.36190631626984e-35
"aki1_48h","diabetes","modifier_competing","OR",4690,0.00314912944623542,"treated:modifier1",1.33659156224064,1.10246167706711,1.62044363211378,0.00314912944623543,0.00551097653091199
"aki1_48h","diabetes","three_way","RD",4690,0.387641291663822,"treated:egfr30:modifier1",-0.0232177657530075,-0.0758936237012206,0.0294580921952056,0.387663400457469,0.54269780832935
"aki1_48h","diabetes","egfr_competing","RD",4690,2.35406728072296e-44,"treated:egfr30",-0.184908622124523,-0.210850179631171,-0.158967064617876,6.47865886955427e-44,4.70813456144592e-44
"aki1_48h","diabetes","modifier_competing","RD",4690,0.00113544264551904,"treated:modifier1",0.0652414610095252,0.0259516908048263,0.104531231214224,0.00113946930405335,0.00198702462965833
"aki1_48h","hypertension","three_way","OR",4690,0.0078588367064736,"treated:egfr30:modifier1",0.616475176371606,0.431523507473368,0.880697427835625,0.00785883670647359,0.0550118569453152
"aki1_48h","hypertension","egfr_competing","OR",4690,1.61189267912276e-34,"treated:egfr30",0.435337767178394,0.381113539391142,0.497276931789515,1.61189267912276e-34,2.50738861196874e-34
"aki1_48h","hypertension","modifier_competing","OR",4690,0.00483151014759531,"treated:modifier1",1.38649573243795,1.10461806691712,1.74030325380591,0.00483151014759531,0.00751568245181492
"aki1_48h","hypertension","three_way","RD",4690,0.00056669963134796,"treated:egfr30:modifier1",-0.121276306868807,-0.190233854151016,-0.0523187595865976,0.000569187799130852,0.00396689741943572
"aki1_48h","hypertension","egfr_competing","RD",4690,2.30825012868083e-43,"treated:egfr30",-0.183962550993819,-0.210077060049337,-0.157848041938301,6.0667500261351e-43,4.03943772519145e-43
"aki1_48h","hypertension","modifier_competing","RD",4690,0.00379927452957825,"treated:modifier1",0.0643770361291256,0.0207823151947774,0.107971757063474,0.00380803896159131,0.00590998260156617
"aki1_48h","ckd","three_way","OR",4690,0.307110513463565,"treated:egfr30:modifier1",0.819685125691398,0.559661946000982,1.2005170444062,0.307110513463565,0.474926824887202
"aki1_48h","ckd","egfr_competing","OR",4690,8.34536826858182e-16,"treated:egfr30",0.53107019598809,0.4552231330821,0.619554527374959,8.34536826858193e-16,8.34536826858182e-16
"aki1_48h","ckd","modifier_competing","OR",4690,2.28020953979222e-08,"treated:modifier1",2.29158808497146,1.71335308378234,3.0649700875376,2.28020953979222e-08,1.06409778523637e-07
"aki1_48h","ckd","three_way","RD",4690,0.19148430619291,"treated:egfr30:modifier1",-0.0502105525811894,-0.125553247728625,0.0251321425662458,0.191516362322885,0.505162593762185
"aki1_48h","ckd","egfr_competing","RD",4690,3.49265071763658e-18,"treated:egfr30",-0.136721327865269,-0.167543442985504,-0.105899212745034,4.08050449809565e-18,3.49265071763658e-18
"aki1_48h","ckd","modifier_competing","RD",4690,1.0737608763658e-10,"treated:modifier1",0.198264418292837,0.138074333351009,0.258454503234666,1.12700361956954e-10,5.01088408970705e-10
"aki1_48h","surg_cabg","three_way","OR",4690,0.663263436335303,"treated:egfr30:modifier1",1.07639720404498,0.772767029676202,1.49932760635678,0.663263436335303,0.799847244561392
"aki1_48h","surg_cabg","egfr_competing","OR",4690,3.43124471045597e-37,"treated:egfr30",0.42503521176272,0.372623999036502,0.484818293253526,3.43124471045596e-37,1.60124753154612e-36
"aki1_48h","surg_cabg","modifier_competing","OR",4690,0.0595638743555504,"treated:modifier1",0.806981348005498,0.645610096453336,1.00868759582021,0.0595638743555504,0.0758085673616097
"aki1_48h","surg_cabg","three_way","RD",4690,0.528007174492654,"treated:egfr30:modifier1",0.0209846750936034,-0.044192248466995,0.0861615986542018,0.528022563397958,0.635066352627589
"aki1_48h","surg_cabg","egfr_competing","RD",4690,3.7088552186436e-47,"treated:egfr30",-0.189520915324049,-0.215275688332196,-0.163766142315902,1.16926481511317e-46,1.73079910203368e-46
"aki1_48h","surg_cabg","modifier_competing","RD",4690,0.0439037828575623,"treated:modifier1",-0.044973320053895,-0.0887189010231883,-0.0012277390846018,0.0439322769240227,0.0558775418187156
"aki1_48h","surg_combined","three_way","OR",4690,0.122861024870027,"treated:egfr30:modifier1",1.43433239614101,0.907086870279274,2.26804012937173,0.122861024870028,0.344010869636076
"aki1_48h","surg_combined","egfr_competing","OR",4690,7.21058346381052e-37,"treated:egfr30",0.427014878836238,0.37440286012697,0.487020068932405,7.21058346381042e-37,1.68246947488912e-36
"aki1_48h","surg_combined","modifier_competing","OR",4690,0.00051616780474851,"treated:modifier1",1.77679484351301,1.28446434408765,2.45783382813701,0.000516167804748509,0.00120439154441319
"aki1_48h","surg_combined","three_way","RD",4690,0.216498254469508,"treated:egfr30:modifier1",0.0571941081148719,-0.0335098858369056,0.147898102066649,0.216529229956234,0.505162593762185
"aki1_48h","surg_combined","egfr_competing","RD",4690,1.48965850951912e-46,"treated:egfr30",-0.188104894938985,-0.213838996499507,-0.162370793378463,4.55758871352434e-46,3.48727837856466e-46
"aki1_48h","surg_combined","modifier_competing","RD",4690,0.000272684280371576,"treated:modifier1",0.120814964360923,0.0557599723560316,0.185869956365815,0.000274151747319127,0.000636263320867012
"aki1_48h","vent_at_t0","three_way","OR",4690,0.949946530739687,"treated:egfr30:modifier1",0.991143319348839,0.750765807121999,1.30848404411977,0.949946530739687,0.949946530739687
"aki1_48h","vent_at_t0","egfr_competing","OR",4690,1.44057510399038e-34,"treated:egfr30",0.436590058228287,0.382423152051597,0.498429234530396,1.44057510399041e-34,2.50738861196874e-34
"aki1_48h","vent_at_t0","modifier_competing","OR",4690,1.32343394723736e-06,"treated:modifier1",1.58776105962107,1.3164719358857,1.91495550625084,1.32343394723736e-06,3.87663663477202e-06
"aki1_48h","vent_at_t0","three_way","RD",4690,0.343099328789452,"treated:egfr30:modifier1",-0.0259016511428686,-0.0794502454162148,0.0276469431304775,0.34312377319899,0.533710067005815
"aki1_48h","vent_at_t0","egfr_competing","RD",4690,7.97393801419056e-43,"treated:egfr30",-0.181448423329739,-0.207374300319662,-0.155522546339816,2.04494991126233e-42,1.24039035776298e-42
"aki1_48h","vent_at_t0","modifier_competing","RD",4690,1.54976250850804e-07,"treated:modifier1",0.0984068572075283,0.0616441184345332,0.135169595980523,1.58362266844968e-07,5.42416877977815e-07
"aki1_48h","sex","three_way","OR",4690,0.0347234740658966,"treated:egfr30:modifier1",1.33831829828481,1.02113801254854,1.75401938377925,0.0347234740658966,0.162042878974184
"aki1_48h","sex","egfr_competing","OR",4690,6.96433499559783e-37,"treated:egfr30",0.426201676618468,0.373590362895189,0.486222042090936,6.96433499559778e-37,1.68246947488912e-36
"aki1_48h","sex","modifier_competing","OR",4690,0.00119048814217083,"treated:modifier1",1.37919622350261,1.13550973910946,1.67517913533324,0.00119048814217083,0.00238097628434166
"aki1_48h","sex","three_way","RD",4690,0.0581142057415158,"treated:egfr30:modifier1",0.0516806332844046,-0.00177732872632153,0.105138595295131,0.058144955083706,0.271199626793741
"aki1_48h","sex","egfr_competing","RD",4690,9.68738284018776e-47,"treated:egfr30",-0.18868254221551,-0.214441981429183,-0.162923103001837,2.99135202581179e-46,3.39058399406571e-46
"aki1_48h","sex","modifier_competing","RD",4690,0.000484760477699752,"treated:modifier1",0.0699609234682102,0.0306597258280354,0.109262121108385,0.000486986714401334,0.000969520955399504
"aki1_48h","vaso_at_t0","three_way","OR",4690,0.339233446348002,"treated:egfr30:modifier1",0.879024840480445,0.674766415093701,1.14511429866345,0.339233446348002,0.474926824887202
"aki1_48h","vaso_at_t0","egfr_competing","OR",4690,1.52480761386581e-37,"treated:egfr30",0.423660925884198,0.371475965771188,0.483176831503583,1.52480761386584e-37,1.60124753154612e-36
"aki1_48h","vaso_at_t0","modifier_competing","OR",4690,0.433453199299183,"treated:modifier1",1.07580521024573,0.896041762533509,1.29163271042132,0.433453199299183,0.466795753091428
"aki1_48h","vaso_at_t0","three_way","RD",4690,0.272252010584206,"treated:egfr30:modifier1",-0.0290443637709917,-0.0808955436718212,0.0228068161298377,0.272280216075632,0.533710067005815
"aki1_48h","vaso_at_t0","egfr_competing","RD",4690,1.18736250566909e-47,"treated:egfr30",-0.19034848258606,-0.216075895622297,-0.164621069549824,3.83753980089069e-47,1.66230750793673e-46
"aki1_48h","vaso_at_t0","modifier_competing","RD",4690,0.415214009394402,"treated:modifier1",0.0152026530919983,-0.0213694359323614,0.051774742116358,0.415234707502264,0.447153548578587
"aki1_7d","alb_cat","three_way","OR",4202,0.0747035136008499,"treated:egfr30:modifierlow",1.52846530443246,0.991404787609086,2.35646046504163,0.0547423291901437,0.261462297602975
"aki1_7d","alb_cat","three_way","OR",4202,0.0747035136008499,"treated:egfr30:modifiermissing",0.956876057868825,0.708991063926755,1.29142923896876,0.773223573133422,0.261462297602975
"aki1_7d","alb_cat","egfr_competing","OR",4202,4.19538396582557e-27,"treated:egfr30",0.476051340862006,0.415963517109754,0.544819124309688,4.19538396582557e-27,9.789229253593e-27
"aki1_7d","alb_cat","modifier_competing","OR",4202,0.515837055355573,"treated:modifierlow",1.02604976745208,0.714104113696403,1.47426419354875,0.889397148038947,0.515837055355573
"aki1_7d","alb_cat","modifier_competing","OR",4202,0.515837055355573,"treated:modifiermissing",0.901299257099482,0.74081475967192,1.09654990028524,0.298935106642794,0.515837055355573
"aki1_7d","alb_cat","three_way","RD",4202,0.0874370075351712,"treated:egfr30:modifierlow",0.0861367575910622,-0.00734923824008525,0.17962275342221,0.0709669609193566,0.306029526373099
"aki1_7d","alb_cat","three_way","RD",4202,0.0874370075351712,"treated:egfr30:modifiermissing",-0.0136338557241008,-0.0758531620837017,0.0485854506355001,0.667580182762476,0.306029526373099
"aki1_7d","alb_cat","egfr_competing","RD",4202,2.69333456794238e-32,"treated:egfr30",-0.171570675350675,-0.199993754521364,-0.143147596179986,4.83573128123201e-32,6.28444732519888e-32
"aki1_7d","alb_cat","modifier_competing","RD",4202,0.532209577040553,"treated:modifierlow",0.0124636600615734,-0.0672580459347922,0.0921853660579391,0.759288197148827,0.532209577040553
"aki1_7d","alb_cat","modifier_competing","RD",4202,0.532209577040553,"treated:modifiermissing",-0.0201207124212414,-0.0621934878053648,0.021952062962882,0.348609419714399,0.532209577040553
"aki1_7d","baseline_cr","three_way","OR",4202,3.85422393483585e-17,"treated:egfr30:modifier",0.269875979708014,0.198933491579068,0.366117559417653,3.85422393483585e-17,5.39591350877019e-16
"aki1_7d","baseline_cr","egfr_competing","OR",4202,1.18792112497463e-22,"treated:egfr30",0.256305566662751,0.195183989491735,0.336567275181632,1.18792112497462e-22,1.38590797913706e-22
"aki1_7d","baseline_cr","modifier_competing","OR",4202,6.74222930923847e-07,"treated:modifier",0.258947644878372,0.151963575340658,0.44124970498845,6.74222930923846e-07,1.88782420658677e-06
"aki1_7d","baseline_cr","three_way","RD",4202,3.23964144393823e-20,"treated:egfr30:modifier",-0.279122686726824,-0.338518787117109,-0.219726586336539,4.02827671476607e-20,4.53549802151352e-19
"aki1_7d","baseline_cr","egfr_competing","RD",4202,2.65921611206812e-26,"treated:egfr30",-0.306567289375077,-0.3631964741979,-0.249938104552254,3.89098050701876e-26,3.10241879741281e-26
"aki1_7d","baseline_cr","modifier_competing","RD",4202,2.55963924526128e-07,"treated:modifier",-0.299309367285067,-0.413148690840286,-0.185470043729847,2.61789941360975e-07,7.16698988673158e-07
"aki1_7d","age","three_way","OR",4202,0.482324236398673,"treated:egfr30:modifier",1.0425946374208,0.928063334711784,1.17126012559928,0.482324236398673,0.580191859666338
"aki1_7d","age","egfr_competing","OR",4202,1.78645692089809e-16,"treated:egfr30",0.545945640529334,0.472708439694844,0.630529555608094,1.7864569208981e-16,1.9238766840441e-16
"aki1_7d","age","modifier_competing","OR",4202,6.07071245927094e-13,"treated:modifier",1.39224130504703,1.27229015880161,1.5235014104839,6.07071245927094e-13,4.24949872148966e-12
"aki1_7d","age","three_way","RD",4202,0.716456578474501,"treated:egfr30:modifier",-0.0040740552894572,-0.0260596843505032,0.0179115737715888,0.716465721987352,0.768890057397897
"aki1_7d","age","egfr_competing","RD",4202,3.29881204254221e-18,"treated:egfr30",-0.134889474097439,-0.165275967907059,-0.104502980287819,3.9259321828514e-18,3.55256681504545e-18
"aki1_7d","age","modifier_competing","RD",4202,9.01185760315833e-14,"treated:modifier",0.0703040533995746,0.0518194477347051,0.088788659064444,9.90799378594009e-14,6.30830032221083e-13
"aki1_7d","hemoglobin","three_way","OR",4197,0.179077092662948,"treated:egfr30:modifier",0.936187724700434,0.850331365192078,1.03071283943736,0.179077092662948,0.417846549546878
"aki1_7d","hemoglobin","egfr_competing","OR",4197,1.19310928750228e-23,"treated:egfr30",0.499747294489496,0.436363219754673,0.572338242645613,1.19310928750229e-23,1.67035300250319e-23
"aki1_7d","hemoglobin","modifier_competing","OR",4197,2.04678099961759e-15,"treated:modifier",0.767832458930596,0.71934777367948,0.819585055461783,2.04678099961759e-15,2.86549339946463e-14
"aki1_7d","hemoglobin","three_way","RD",4197,0.37845380243965,"treated:egfr30:modifier",-0.00878735473890536,-0.0283425508094994,0.0107678413316887,0.378479042737571,0.588705914906122
"aki1_7d","hemoglobin","egfr_competing","RD",4197,1.03027034499503e-27,"treated:egfr30",-0.157678580307978,-0.186005279870002,-0.129351880745953,1.57645348864365e-27,1.44237848299304e-27
"aki1_7d","hemoglobin","modifier_competing","RD",4197,4.91036410362168e-17,"treated:modifier",-0.0582351676781131,-0.0718414791553194,-0.0446288562009069,5.71033683005921e-17,6.87450974507034e-16
"aki1_7d","map","three_way","OR",4184,0.249263239658695,"treated:egfr30:modifier",1.07238528431553,0.952178919771678,1.20776691663397,0.249263239658695,0.436210669402716
"aki1_7d","map","egfr_competing","OR",4184,1.49528813005139e-27,"treated:egfr30",0.473974349536336,0.414307782814858,0.542233801383313,1.49528813005138e-27,6.87756110924111e-27
"aki1_7d","map","modifier_competing","OR",4184,0.273054377213133,"treated:modifier",0.955491203293649,0.880780048557643,1.03653964581351,0.273054377213133,0.294058560075682
"aki1_7d","map","three_way","RD",4184,0.20713278246289,"treated:egfr30:modifier",0.0161477140141203,-0.00894130679583461,0.0412367348240752,0.207167979973777,0.439220707426912
"aki1_7d","map","egfr_competing","RD",4184,4.95118968808197e-33,"treated:egfr30",-0.172724625379066,-0.201001106710312,-0.14444814404782,9.16554761761572e-33,2.7377969236692e-32
"aki1_7d","map","modifier_competing","RD",4184,0.273830708325877,"treated:modifier",-0.00985163699133415,-0.0274971652880582,0.0077938913053899,0.273862228018201,0.294894608966329
"aki1_7d","heart_failure","three_way","OR",4202,0.492284228508093,"treated:egfr30:modifier1",1.10811870914073,0.826652714531116,1.48542072379718,0.492284228508093,0.580191859666338
"aki1_7d","heart_failure","egfr_competing","OR",4202,5.24708705487836e-23,"treated:egfr30",0.499175801121456,0.434884193090593,0.572972033438199,5.24708705487831e-23,6.67811079711791e-23
"aki1_7d","heart_failure","modifier_competing","OR",4202,0.000564033466877444,"treated:modifier1",1.46137357721881,1.17791195227536,1.81304954760663,0.000564033466877443,0.000987058567035526
"aki1_7d","heart_failure","three_way","RD",4202,0.535815152139066,"treated:egfr30:modifier1",0.0194488817090948,-0.0421187259831632,0.0810164894013527,0.535831951233268,0.681946557267902
"aki1_7d","heart_failure","egfr_competing","RD",4202,3.09291415896676e-27,"treated:egfr30",-0.160630468645554,-0.189755453975724,-0.131505483315384,4.65872413058613e-27,3.93643620232133e-27
"aki1_7d","heart_failure","modifier_competing","RD",4202,0.00035209384287673,"treated:modifier1",0.0855028390715438,0.0386075186769563,0.132398159466131,0.000354068246975294,0.000616164225034277
"aki1_7d","diabetes","three_way","OR",4202,0.938910697555563,"treated:egfr30:modifier1",0.98932725337063,0.751904057664831,1.30171981954933,0.938910697555563,0.96265144581876
"aki1_7d","diabetes","egfr_competing","OR",4202,3.06642301570032e-26,"treated:egfr30",0.481801791078171,0.420934142708861,0.551470984017299,3.06642301570032e-26,6.13284603140063e-26
"aki1_7d","diabetes","modifier_competing","OR",4202,0.0273370133170011,"treated:modifier1",1.24634689058191,1.02492230713927,1.51560812057936,0.0273370133170011,0.031893182203168
"aki1_7d","diabetes","three_way","RD",4202,0.768890057397897,"treated:egfr30:modifier1",-0.00864824613209315,-0.066337155016203,0.0490406627520167,0.768897320276139,0.768890057397897
"aki1_7d","diabetes","egfr_competing","RD",4202,4.03433570195143e-31,"treated:egfr30",-0.168376422219505,-0.196821782545186,-0.139931061893825,6.93385326637015e-31,8.06867140390285e-31
"aki1_7d","diabetes","modifier_competing","RD",4202,0.0155869681854888,"treated:modifier1",0.0529012845209854,0.0100280812477216,0.0957744877942492,0.0156080979804349,0.019837959508804
"aki1_7d","hypertension","three_way","OR",4202,0.00542975550365023,"treated:egfr30:modifier1",0.603007422687289,0.422145976328761,0.86135595790397,0.00542975550365023,0.0253388590170344
"aki1_7d","hypertension","egfr_competing","OR",4202,1.98225994824212e-25,"treated:egfr30",0.486249392328251,0.42458502042649,0.556869555365129,1.98225994824211e-25,3.4689549094237e-25
"aki1_7d","hypertension","modifier_competing","OR",4202,0.00827955703825762,"treated:modifier1",1.35853074300201,1.08216223480246,1.70547975185856,0.00827955703825762,0.0115913798535607
"aki1_7d","hypertension","three_way","RD",4202,0.00119968072369031,"treated:egfr30:modifier1",-0.12380581024037,-0.198724823298496,-0.0488867971822448,0.00120434734724774,0.00839776506583218
"aki1_7d","hypertension","egfr_competing","RD",4202,3.31932555213118e-30,"treated:egfr30",-0.166452877908907,-0.195020775225598,-0.137884980592216,5.52119817018e-30,5.80881971622956e-30
"aki1_7d","hypertension","modifier_competing","RD",4202,0.00656587881828712,"treated:modifier1",0.0666393016100257,0.0185861673542542,0.114692435865797,0.00657935411403871,0.00919223034560196
"aki1_7d","ckd","three_way","OR",4202,0.176104398497629,"treated:egfr30:modifier1",0.764269985025243,0.517720339599445,1.12823191467116,0.176104398497629,0.417846549546878
"aki1_7d","ckd","egfr_competing","OR",4202,1.12544131669274e-10,"treated:egfr30",0.596799278017461,0.510150117198017,0.698165826557898,1.12544131669274e-10,1.12544131669274e-10
"aki1_7d","ckd","modifier_competing","OR",4202,1.1794411470046e-08,"treated:modifier1",2.38244965344713,1.76783292432075,3.21074818390502,1.1794411470046e-08,4.12804401451611e-08
"aki1_7d","ckd","three_way","RD",4202,0.180419376824226,"treated:egfr30:modifier1",-0.0554859933221986,-0.136677032881954,0.0257050462375572,0.180455632810145,0.439220707426912
"aki1_7d","ckd","egfr_competing","RD",4202,1.12845990463356e-11,"treated:egfr30",-0.116517891006262,-0.150156448388455,-0.0828793336240683,1.20511771488432e-11,1.12845990463356e-11
"aki1_7d","ckd","modifier_competing","RD",4202,2.55931186054449e-10,"treated:modifier1",0.208404276824246,0.143806943836725,0.273001609811767,2.68997676983879e-10,8.95759151190572e-10
"aki1_7d","surg_cabg","three_way","OR",4202,0.497307308285433,"treated:egfr30:modifier1",1.12371635884539,0.802367924427185,1.57376487356248,0.497307308285433,0.580191859666338
"aki1_7d","surg_cabg","egfr_competing","OR",4202,1.5460481155988e-27,"treated:egfr30",0.474947997466405,0.415296817854877,0.543167177303474,1.54604811559881e-27,6.87756110924111e-27
"aki1_7d","surg_cabg","modifier_competing","OR",4202,0.0210508944110419,"treated:modifier1",0.766454131535191,0.611434552048576,0.960776478494943,0.0210508944110419,0.0267920474322351
"aki1_7d","surg_cabg","three_way","RD",4202,0.455501110531511,"treated:egfr30:modifier1",0.0274186853919611,-0.044593105920078,0.0994304767040002,0.455522004912521,0.637701554744116
"aki1_7d","surg_cabg","egfr_competing","RD",4202,5.07473594539999e-33,"treated:egfr30",-0.172145255842075,-0.200331703253005,-0.143958808431145,9.36588929404167e-33,2.7377969236692e-32
"aki1_7d","surg_cabg","modifier_competing","RD",4202,0.0175747675790137,"treated:modifier1",-0.0588568004584744,-0.107440250497681,-0.0102733504192678,0.0175971091953032,0.0205038955088493
"aki1_7d","surg_combined","three_way","OR",4202,0.225456515794023,"treated:egfr30:modifier1",1.37513366661446,0.821572234511297,2.30167539946303,0.225456515794023,0.436210669402716
"aki1_7d","surg_combined","egfr_competing","OR",4202,3.35748383395325e-27,"treated:egfr30",0.47748638244767,0.417552098698379,0.546023469008247,3.35748383395326e-27,9.4009547350691e-27
"aki1_7d","surg_combined","modifier_competing","OR",4202,6.93179928977128e-05,"treated:modifier1",2.06429628549635,1.44445724748462,2.95011788111742,6.93179928977128e-05,0.000138635985795426
"aki1_7d","surg_combined","three_way","RD",4202,0.250983261386807,"treated:egfr30:modifier1",0.0613599179119575,-0.0434041665188617,0.166124002342777,0.251015968399886,0.439220707426912
"aki1_7d","surg_combined","egfr_competing","RD",4202,1.57791749101639e-32,"treated:egfr30",-0.170667329231187,-0.198834118641728,-0.142500539820647,2.85770746458354e-32,4.4181689748459e-32
"aki1_7d","surg_combined","modifier_competing","RD",4202,3.38924300578521e-05,"treated:modifier1",0.156088517762027,0.0822913695132727,0.229885666010782,3.42256138394411e-05,6.77848601157041e-05
"aki1_7d","vent_at_t0","three_way","OR",4202,0.96265144581876,"treated:egfr30:modifier1",0.993319421965114,0.750311147946228,1.31503240589439,0.96265144581876,0.96265144581876
"aki1_7d","vent_at_t0","egfr_competing","OR",4202,1.22123864551286e-24,"treated:egfr30",0.493207308862908,0.430837346376732,0.564606229152396,1.22123864551286e-24,1.89970455968666e-24
"aki1_7d","vent_at_t0","modifier_competing","OR",4202,1.76625784104316e-10,"treated:modifier1",1.85437526585403,1.53394501712719,2.24174112384504,1.76625784104316e-10,8.24253659153473e-10
"aki1_7d","vent_at_t0","three_way","RD",4202,0.59236555004682,"treated:egfr30:modifier1",-0.0159878214630694,-0.0745150437494704,0.0425394008233316,0.592379730947254,0.69109314172129
"aki1_7d","vent_at_t0","egfr_competing","RD",4202,1.03030478646601e-28,"treated:egfr30",-0.160771721627999,-0.189115355460265,-0.132428087795732,1.62824405793975e-28,1.60269633450268e-28
"aki1_7d","vent_at_t0","modifier_competing","RD",4202,1.53362576986377e-11,"treated:modifier1",0.13887450783841,0.0985176701480362,0.179231345528783,1.63508228638212e-11,7.15692025936425e-11
"aki1_7d","sex","three_way","OR",4202,0.00263743430356686,"treated:egfr30:modifier1",1.53136688276655,1.1599699713475,2.02167692919667,0.00263743430356686,0.018462040124968
"aki1_7d","sex","egfr_competing","OR",4202,1.53602118938724e-27,"treated:egfr30",0.473706212257522,0.414018610988365,0.541998764248001,1.53602118938723e-27,6.87756110924111e-27
"aki1_7d","sex","modifier_competing","OR",4202,1.81524095837044e-05,"treated:modifier1",1.54655929378274,1.26700537972285,1.88779439098274,1.81524095837044e-05,4.23556223619769e-05
"aki1_7d","sex","three_way","RD",4202,0.00350934837813202,"treated:egfr30:modifier1",0.0878971760689882,0.0288814640172897,0.146912888120687,0.00351867265276245,0.0163769590979494
"aki1_7d","sex","egfr_competing","RD",4202,6.56521726416466e-33,"treated:egfr30",-0.171881040270374,-0.200074590793077,-0.143687489747671,1.20645630173971e-32,2.7377969236692e-32
"aki1_7d","sex","modifier_competing","RD",4202,6.33781655570597e-06,"treated:modifier1",0.09971253212424,0.0564245022829016,0.143000561965578,6.4242101702672e-06,1.47882386299806e-05
"aki1_7d","vaso_at_t0","three_way","OR",4202,0.285670964760444,"treated:egfr30:modifier1",0.863865418442532,0.660351457678061,1.13010042228863,0.285670964760444,0.444377056294024
"aki1_7d","vaso_at_t0","egfr_competing","OR",4202,1.96501745978317e-27,"treated:egfr30",0.476062586165094,0.416334945341612,0.544358787274601,1.9650174597832e-27,6.87756110924111e-27
"aki1_7d","vaso_at_t0","modifier_competing","OR",4202,0.00621372520266615,"treated:modifier1",1.29478649110933,1.07604552608044,1.55799361358423,0.00621372520266615,0.0096657947597029
"aki1_7d","vaso_at_t0","three_way","RD",4202,0.242584558397887,"treated:egfr30:modifier1",-0.0337358629514206,-0.0903207174808421,0.0228489915780009,0.242617736340475,0.439220707426912
"aki1_7d","vaso_at_t0","egfr_competing","RD",4202,7.82227692476913e-33,"treated:egfr30",-0.171541966875934,-0.19971424995993,-0.143369683791938,1.43326056315227e-32,2.7377969236692e-32
"aki1_7d","vaso_at_t0","modifier_competing","RD",4202,0.00525141978400284,"treated:modifier1",0.056966043220884,0.0169639878818042,0.0969680985599639,0.00526327780349413,0.00816887521955998
"aki2_48h","alb_cat","three_way","OR",4690,0.00107045573458423,"treated:egfr30:modifierlow",2.17377735269544,0.760126683976692,6.21647427816979,0.147508598419317,0.00749319014208958
"aki2_48h","alb_cat","three_way","OR",4690,0.00107045573458423,"treated:egfr30:modifiermissing",0.4017387738,0.188003288669879,0.85846393175454,0.0185768348801073,0.00749319014208958
"aki2_48h","alb_cat","egfr_competing","OR",4690,0.189423434766486,"treated:egfr30",0.800975329356307,0.57499886649192,1.11576129210763,0.189423434766486,0.420023357834508
"aki2_48h","alb_cat","modifier_competing","OR",4690,0.530596138047432,"treated:modifierlow",1.26703641888566,0.566101630526175,2.83585349381603,0.564755650832705,0.649696374000348
"aki2_48h","alb_cat","modifier_competing","OR",4690,0.530596138047432,"treated:modifiermissing",1.30341754953042,0.816149160770326,2.08160148914491,0.267242380627006,0.649696374000348
"aki2_48h","alb_cat","three_way","RD",4690,0.000219798804042315,"treated:egfr30:modifierlow",0.0346725342028539,-0.00409923662928535,0.0734443050349932,0.0796734495062509,0.00153859162829621
"aki2_48h","alb_cat","three_way","RD",4690,0.000219798804042315,"treated:egfr30:modifiermissing",-0.0367233671564767,-0.0633327165156895,-0.0101140177972638,0.00684316846441351,0.00153859162829621
"aki2_48h","alb_cat","egfr_competing","RD",4690,0.132565979060399,"treated:egfr30",-0.00941070234984899,-0.0216741622478137,0.00285275754811576,0.132599675515559,0.301064256638528
"aki2_48h","alb_cat","modifier_competing","RD",4690,0.292920034092557,"treated:modifierlow",0.0129714269180039,-0.0184175022908511,0.0443603561268588,0.417979708083266,0.41008804772958
"aki2_48h","alb_cat","modifier_competing","RD",4690,0.292920034092557,"treated:modifiermissing",0.012643430162928,-0.00375918089355534,0.0290460412194113,0.130872222367204,0.41008804772958
"aki2_48h","baseline_cr","three_way","OR",4690,0.000167772967514001,"treated:egfr30:modifier",0.318533663591258,0.175541587671244,0.57800374365356,0.000167772967514001,0.00234882154519601
"aki2_48h","baseline_cr","egfr_competing","OR",4690,1.02376067063612e-10,"treated:egfr30",0.130746337035027,0.0705489176048004,0.242308531845056,1.02376067063612e-10,1.43326493889057e-09
"aki2_48h","baseline_cr","modifier_competing","OR",4690,9.24745216516002e-10,"treated:modifier",0.0129517621138412,0.00322082236367486,0.0520823947776301,9.24745216516003e-10,1.2946433031224e-08
"aki2_48h","baseline_cr","three_way","RD",4690,7.9489140392014e-05,"treated:egfr30:modifier",-0.0569792819313509,-0.0852816714648827,-0.0286768923978191,8.00693334756073e-05,0.0011128479654882
"aki2_48h","baseline_cr","egfr_competing","RD",4690,5.38642220852963e-11,"treated:egfr30",-0.0781523403744913,-0.10150329127577,-0.0548013894732126,5.67109727134309e-11,7.54099109194148e-10
"aki2_48h","baseline_cr","modifier_competing","RD",4690,3.72221863447117e-10,"treated:modifier",-0.155483488363652,-0.204124407336071,-0.106842569391234,3.88594392752991e-10,5.21110608825963e-09
"aki2_48h","age","three_way","OR",4690,0.810153553888903,"treated:egfr30:modifier",1.03743988616109,0.768639356738859,1.40024252981832,0.810153553888903,0.810153553888903
"aki2_48h","age","egfr_competing","OR",4690,0.935058326526528,"treated:egfr30",0.984498773084297,0.67610045156269,1.4335707541154,0.935058326526528,0.935058326526528
"aki2_48h","age","modifier_competing","OR",4690,0.000644989788056654,"treated:modifier",1.48478622912073,1.18318167792055,1.86327272246231,0.000644989788056654,0.00225746425819829
"aki2_48h","age","three_way","RD",4690,0.908010506431158,"treated:egfr30:modifier",0.000562247207516722,-0.00897492586512487,0.0100994202801583,0.908012981951586,0.908010506431158
"aki2_48h","age","egfr_competing","RD",4690,0.943213691722529,"treated:egfr30",-0.000484282219144888,-0.0138097935952704,0.0128412291569807,0.943215211276853,0.943213691722529
"aki2_48h","age","modifier_competing","RD",4690,9.44729295330167e-05,"treated:modifier",0.0160481952330104,0.00799196612871204,0.0241044243373088,9.51352261776222e-05,0.00028406277777524
"aki2_48h","hemoglobin","three_way","OR",4684,0.0135156258706828,"treated:egfr30:modifier",0.761863562764601,0.613959598169176,0.945397856795836,0.0135156258706828,0.0473046905473898
"aki2_48h","hemoglobin","egfr_competing","OR",4684,0.488788808030425,"treated:egfr30",0.888525550544072,0.635819469733084,1.24166951713679,0.488788808030425,0.526387947109689
"aki2_48h","hemoglobin","modifier_competing","OR",4684,1.2096058656287e-08,"treated:modifier",0.677161801158055,0.59218544848314,0.774331936257763,1.20960586562869e-08,8.46724105940087e-08
"aki2_48h","hemoglobin","three_way","RD",4684,0.0205306746119387,"treated:egfr30:modifier",-0.00990668729871818,-0.0182887548517022,-0.00152461974573415,0.0205521594972306,0.0718573611417855
"aki2_48h","hemoglobin","egfr_competing","RD",4684,0.387952666810199,"treated:egfr30",-0.00536243137281296,-0.0175365599944535,0.00681169724882763,0.387974783126796,0.423050711491571
"aki2_48h","hemoglobin","modifier_competing","RD",4684,2.43608271368941e-09,"treated:modifier",-0.0153088225485629,-0.0203384690776601,-0.0102791760194657,2.52440214468842e-09,1.70525789958259e-08
"aki2_48h","map","three_way","OR",4672,0.732501688677697,"treated:egfr30:modifier",0.955211050301154,0.734483258072394,1.24227222416484,0.732501688677697,0.788847972422136
"aki2_48h","map","egfr_competing","OR",4672,0.213433523659496,"treated:egfr30",0.81027040264132,0.581689918058695,1.12867372291345,0.213433523659496,0.420023357834508
"aki2_48h","map","modifier_competing","OR",4672,0.556882606286013,"treated:modifier",0.946686856563464,0.78853999126919,1.13655111257897,0.556882606286013,0.649696374000348
"aki2_48h","map","three_way","RD",4672,0.760289123346573,"treated:egfr30:modifier",-0.00163309153844633,-0.0121242336575482,0.00885805058065551,0.760295924740023,0.81877290206554
"aki2_48h","map","egfr_competing","RD",4672,0.145861029071875,"treated:egfr30",-0.00893809437715205,-0.0209841459249197,0.00310795717061554,0.145894638647016,0.301064256638528
"aki2_48h","map","modifier_competing","RD",4672,0.632969229234954,"treated:modifier",-0.00169008868601735,-0.00862666327441301,0.00524648590237831,0.632980406513097,0.681659169945335
"aki2_48h","heart_failure","three_way","OR",4690,0.340184330508358,"treated:egfr30:modifier1",1.40168512262865,0.70031460072665,2.80548367970608,0.340184330508358,0.513595936614682
"aki2_48h","heart_failure","egfr_competing","OR",4690,0.37972004187819,"treated:egfr30",0.857588552839255,0.608701605799172,1.20824081775722,0.37972004187819,0.483280053299514
"aki2_48h","heart_failure","modifier_competing","OR",4690,0.0953583200600825,"treated:modifier1",1.52221450666617,0.929026719717551,2.49415539416284,0.0953583200600821,0.190716640120165
"aki2_48h","heart_failure","three_way","RD",4690,0.247654090544246,"treated:egfr30:modifier1",0.0154033730760227,-0.0107115776940852,0.0415183238461307,0.247683559646819,0.381258952641069
"aki2_48h","heart_failure","egfr_competing","RD",4690,0.344283097395612,"treated:egfr30",-0.00601607042604086,-0.0184841314519238,0.00645199059984206,0.344307473789106,0.423050711491571
"aki2_48h","heart_failure","modifier_competing","RD",4690,0.0249082620900319,"treated:modifier1",0.0224405376887618,0.00282977776055337,0.0420512976169703,0.0249315342412724,0.0581192782100745
"aki2_48h","diabetes","three_way","OR",4690,0.235572135619896,"treated:egfr30:modifier1",1.5252718350971,0.759237237680374,3.06419924561163,0.235572135619896,0.412251237334817
"aki2_48h","diabetes","egfr_competing","OR",4690,0.172158162620671,"treated:egfr30",0.792736983294098,0.567964138894179,1.10646409103536,0.172158162620671,0.420023357834508
"aki2_48h","diabetes","modifier_competing","OR",4690,0.61449550994161,"treated:modifier1",0.886324610017308,0.554181793531239,1.41753360267699,0.61449550994161,0.661764395321734
"aki2_48h","diabetes","three_way","RD",4690,0.175869504189823,"treated:egfr30:modifier1",0.0172231572438158,-0.00771612771617233,0.0421624422038039,0.175902147072439,0.324449995097306
"aki2_48h","diabetes","egfr_competing","RD",4690,0.109064377748469,"treated:egfr30",-0.00992514292773632,-0.0220651366439496,0.00221485078847701,0.109098070794021,0.301064256638528
"aki2_48h","diabetes","modifier_competing","RD",4690,0.471820362370934,"treated:modifier1",-0.00614081599027032,-0.0228686252606317,0.0105869932800911,0.471838299738555,0.550457089432757
"aki2_48h","hypertension","three_way","OR",4690,0.541647268171861,"treated:egfr30:modifier1",0.736449411102539,0.275730254181621,1.96698667225697,0.541647268171861,0.689369250400551
"aki2_48h","hypertension","egfr_competing","OR",4690,0.254846287987011,"treated:egfr30",0.823274301849337,0.589073101880236,1.15058822737303,0.254846287987011,0.420023357834508
"aki2_48h","hypertension","modifier_competing","OR",4690,0.332719230307702,"treated:modifier1",1.30040799245082,0.764270761593284,2.21264639681438,0.332719230307702,0.582258653038478
"aki2_48h","hypertension","three_way","RD",4690,0.389651715015379,"treated:egfr30:modifier1",-0.0143545652639262,-0.0470601457583292,0.0183510152304768,0.389673720093871,0.495920364565028
"aki2_48h","hypertension","egfr_competing","RD",4690,0.181961516637705,"treated:egfr30",-0.00824991398762229,-0.0203645083066732,0.00386468033142866,0.181993933369486,0.307405463222549
"aki2_48h","hypertension","modifier_competing","RD",4690,0.266003697662228,"treated:modifier1",0.0105152116987955,-0.00801358307276457,0.0290440064703556,0.266032222231978,0.41008804772958
"aki2_48h","ckd","three_way","OR",4690,0.00597412900220605,"treated:egfr30:modifier1",3.89452343195263,1.4774019032045,10.2662063241763,0.00597412900220606,0.0278792686769616
"aki2_48h","ckd","egfr_competing","OR",4690,0.417266239416385,"treated:egfr30",0.852801267542536,0.580441799295029,1.25295938853035,0.417266239416385,0.48681061265245
"aki2_48h","ckd","modifier_competing","OR",4690,0.543679146019772,"treated:modifier1",1.23467995004192,0.625247143807921,2.43813121600414,0.543679146019772,0.649696374000348
"aki2_48h","ckd","three_way","RD",4690,0.00381811534919573,"treated:egfr30:modifier1",0.0513492044520535,0.0165579730955024,0.0861404358086045,0.003826907968433,0.0178178716295801
"aki2_48h","ckd","egfr_competing","RD",4690,0.392832803527887,"treated:egfr30",-0.00628474387375685,-0.020700452213324,0.00813096446581027,0.392854640196864,0.423050711491571
"aki2_48h","ckd","modifier_competing","RD",4690,0.417949011359136,"treated:modifier1",0.0113051323442777,-0.0160510157377086,0.038661280426264,0.417969572025255,0.531935105366173
"aki2_48h","surg_cabg","three_way","OR",4690,0.366854240439059,"treated:egfr30:modifier1",1.48804274015135,0.627609502713041,3.52810336195554,0.366854240439058,0.513595936614682
"aki2_48h","surg_cabg","egfr_competing","OR",4690,0.205284322249333,"treated:egfr30",0.806828537420921,0.578807801594131,1.12467780669835,0.205284322249333,0.420023357834508
"aki2_48h","surg_cabg","modifier_competing","OR",4690,0.389411957008527,"treated:modifier1",0.779609888434263,0.442236070790586,1.37436002689227,0.389411957008527,0.605751933124376
"aki2_48h","surg_cabg","three_way","RD",4690,0.564469234113722,"treated:egfr30:modifier1",0.00957895455487946,-0.0230038841175578,0.0421617932273168,0.564483071032238,0.658547439799342
"aki2_48h","surg_cabg","egfr_competing","RD",4690,0.143059120724307,"treated:egfr30",-0.00900486966491075,-0.0210565058843693,0.00304676655454782,0.143092655301185,0.301064256638528
"aki2_48h","surg_cabg","modifier_competing","RD",4690,0.16542904296189,"treated:modifier1",-0.0126603621748572,-0.0305504584764365,0.005229734126722,0.165462021188404,0.289500825183307
"aki2_48h","surg_combined","three_way","OR",4690,0.706812882682699,"treated:egfr30:modifier1",1.21530681216521,0.439948857084133,3.35714168570444,0.706812882682699,0.788847972422136
"aki2_48h","surg_combined","egfr_competing","OR",4690,0.222362269162498,"treated:egfr30",0.814043695370792,0.584965150476146,1.13283182328647,0.222362269162498,0.420023357834508
"aki2_48h","surg_combined","modifier_competing","OR",4690,0.0886644866560407,"treated:modifier1",2.15413527892362,0.890409316967276,5.21142210832671,0.0886644866560406,0.190716640120165
"aki2_48h","surg_combined","three_way","RD",4690,0.14883818795857,"treated:egfr30:modifier1",0.0239585999603197,-0.00856932640993625,0.0564865263305756,0.148871612773636,0.324449995097306
"aki2_48h","surg_combined","egfr_competing","RD",4690,0.150532128319264,"treated:egfr30",-0.00883715765971729,-0.0208851356894968,0.0032108203700622,0.150565507895978,0.301064256638528
"aki2_48h","surg_combined","modifier_competing","RD",4690,0.0973555271604251,"treated:modifier1",0.0237170356471916,-0.00432317938627786,0.0517572506806611,0.0973889875601109,0.19471105432085
"aki2_48h","vent_at_t0","three_way","OR",4690,0.131650720982593,"treated:egfr30:modifier1",1.79228995430779,0.83938779276638,3.8269597294545,0.131650720982594,0.360745460701287
"aki2_48h","vent_at_t0","egfr_competing","OR",4690,0.332851276981458,"treated:egfr30",0.849138545921313,0.609862921625975,1.18229235554604,0.332851276981458,0.465991787774042
"aki2_48h","vent_at_t0","modifier_competing","OR",4690,0.00329573392498282,"treated:modifier1",1.98948050392476,1.25745651443208,3.14764974380392,0.00329573392498282,0.00922805498995191
"aki2_48h","vent_at_t0","three_way","RD",4690,0.272327823315049,"treated:egfr30:modifier1",0.0132474443858437,-0.0104061720497355,0.0369010608214229,0.272356024847132,0.381258952641069
"aki2_48h","vent_at_t0","egfr_competing","RD",4690,0.292482274815512,"treated:egfr30",-0.00645655150736403,-0.0184779628372899,0.00556485982256189,0.292509408831916,0.409475184741716
"aki2_48h","vent_at_t0","modifier_competing","RD",4690,0.000101450992062586,"treated:modifier1",0.030600382482518,0.0151706728258601,0.046030092139176,0.000102150372030387,0.00028406277777524
"aki2_48h","sex","three_way","OR",4690,0.16187224408643,"treated:egfr30:modifier1",1.57886289084258,0.832577162326126,2.99408648336591,0.16187224408643,0.360745460701287
"aki2_48h","sex","egfr_competing","OR",4690,0.270015015750755,"treated:egfr30",0.830439729279003,0.596931571200201,1.1552917909475,0.270015015750755,0.420023357834508
"aki2_48h","sex","modifier_competing","OR",4690,2.1612614492426e-05,"treated:modifier1",2.73993993056102,1.72087162555015,4.36248161200444,2.1612614492426e-05,0.000100858867631322
"aki2_48h","sex","three_way","RD",4690,0.0996964656583666,"treated:egfr30:modifier1",0.0210675503964828,-0.0040139797339958,0.0461490805269614,0.0997299950130409,0.279150103843426
"aki2_48h","sex","egfr_competing","RD",4690,0.197617797785924,"treated:egfr30",-0.00789528516420059,-0.0199064152554208,0.00411584492701967,0.197649596231693,0.307405463222549
"aki2_48h","sex","modifier_competing","RD",4690,2.09490593263368e-07,"treated:modifier1",0.0483529921021979,0.0300950246617737,0.0666109595426221,2.13880444957356e-07,9.77622768562383e-07
"aki2_48h","vaso_at_t0","three_way","OR",4690,0.180372730350643,"treated:egfr30:modifier1",0.63309610443799,0.324337406024856,1.23578307654049,0.180372730350643,0.360745460701287
"aki2_48h","vaso_at_t0","egfr_competing","OR",4690,0.192557717121212,"treated:egfr30",0.802093336546588,0.575656644172093,1.11759974812365,0.192557717121212,0.420023357834508
"aki2_48h","vaso_at_t0","modifier_competing","OR",4690,0.896041054920836,"treated:modifier1",1.02979329308819,0.662972289532865,1.5995754924186,0.896041054920836,0.896041054920836
"aki2_48h","vaso_at_t0","three_way","RD",4690,0.18539999719846,"treated:egfr30:modifier1",-0.0163010982326973,-0.0404269783396154,0.00782478187422081,0.185432291451921,0.324449995097306
"aki2_48h","vaso_at_t0","egfr_competing","RD",4690,0.129925265094637,"treated:egfr30",-0.00926974630590347,-0.0212670672206141,0.00272757460880717,0.129958980248645,0.301064256638528
"aki2_48h","vaso_at_t0","modifier_competing","RD",4690,0.686807171143951,"treated:modifier1",0.0032400737748121,-0.0125106072804375,0.0189907548300617,0.686816366670821,0.686807171143951
"aki2_7d","alb_cat","three_way","OR",4202,0.0313204274591211,"treated:egfr30:modifierlow",2.37454683409274,0.976387813513521,5.77482900673442,0.0564818127028118,0.109621496106924
"aki2_7d","alb_cat","three_way","OR",4202,0.0313204274591211,"treated:egfr30:modifiermissing",0.784483035474794,0.432965350422277,1.42139234085944,0.42345968186135,0.109621496106924
"aki2_7d","alb_cat","egfr_competing","OR",4202,0.0094357418939223,"treated:egfr30",0.700370103580672,0.535231874605768,0.916459398743579,0.00943574189392231,0.0211352475521222
"aki2_7d","alb_cat","modifier_competing","OR",4202,0.903946127181379,"treated:modifierlow",1.05337700630522,0.527737950839498,2.1025645694941,0.882763930161666,0.903946127181379
"aki2_7d","alb_cat","modifier_competing","OR",4202,0.903946127181379,"treated:modifiermissing",1.09156971352793,0.744865970651617,1.59964944894595,0.653175832002048,0.903946127181379
"aki2_7d","alb_cat","three_way","RD",4202,0.00300504250336499,"treated:egfr30:modifierlow",0.0661769030346559,0.0112292776008314,0.12112452846848,0.0182704998499282,0.0210352975235549
"aki2_7d","alb_cat","three_way","RD",4202,0.00300504250336499,"treated:egfr30:modifiermissing",-0.0240051248716649,-0.0617098996205264,0.0136996498771966,0.212119435680873,0.0210352975235549
"aki2_7d","alb_cat","egfr_competing","RD",4202,0.000527678953524725,"treated:egfr30",-0.0304122990556621,-0.0476087760617364,-0.0132158220495879,0.000530319762431487,0.00103736537339504
"aki2_7d","alb_cat","modifier_competing","RD",4202,0.849946856381115,"treated:modifierlow",0.0073350751938944,-0.0371615913629033,0.0518317417506921,0.746629693790947,0.849946856381115
"aki2_7d","alb_cat","modifier_competing","RD",4202,0.849946856381115,"treated:modifiermissing",0.00612766410270888,-0.0160825848310922,0.02833791303651,0.588693338675452,0.849946856381115
"aki2_7d","baseline_cr","three_way","OR",4202,0.000273137820173117,"treated:egfr30:modifier",0.39097617855771,0.235781899516541,0.648321064988563,0.000273137820173116,0.00382392948242363
"aki2_7d","baseline_cr","egfr_competing","OR",4202,1.83672542723478e-08,"treated:egfr30",0.212794402582471,0.124126093831763,0.364802084498074,1.83672542723478e-08,2.5714155981287e-07
"aki2_7d","baseline_cr","modifier_competing","OR",4202,3.91226528146352e-06,"treated:modifier",0.0673626828952671,0.0214266041284021,0.211780225165653,3.91226528146353e-06,2.73858569702447e-05
"aki2_7d","baseline_cr","three_way","RD",4202,3.64084150138768e-05,"treated:egfr30:modifier",-0.0759796748782365,-0.112045123359406,-0.0399142263970666,3.67610361410891e-05,0.000509717810194276
"aki2_7d","baseline_cr","egfr_competing","RD",4202,1.07222964380166e-11,"treated:egfr30",-0.109822024616752,-0.141493107717417,-0.0781509415160868,1.14538777824751e-11,1.50112150132232e-10
"aki2_7d","baseline_cr","modifier_competing","RD",4202,3.16346905508012e-08,"treated:modifier",-0.178546514264367,-0.241804341450999,-0.115288687077735,3.25854175101158e-08,1.47628555903739e-07
"aki2_7d","age","three_way","OR",4202,0.907774372618591,"treated:egfr30:modifier",1.01410263016815,0.800169984070521,1.28523209441374,0.907774372618591,0.907774372618591
"aki2_7d","age","egfr_competing","OR",4202,0.13739995404071,"treated:egfr30",0.802731940086068,0.600706844857681,1.07270055793522,0.13739995404071,0.13739995404071
"aki2_7d","age","modifier_competing","OR",4202,0.000361740001996147,"treated:modifier",1.38853100357749,1.15934746063195,1.66302028802045,0.000361740001996147,0.00101287200558921
"aki2_7d","age","three_way","RD",4202,0.320728509308994,"treated:egfr30:modifier",-0.00667924672912742,-0.0198633610885334,0.00650486763027853,0.320757124680569,0.498911014480657
"aki2_7d","age","egfr_competing","RD",4202,0.0465603915764366,"treated:egfr30",-0.0183851574849985,-0.0364906283914992,-0.000279686578497751,0.046592755691813,0.0465603915764366
"aki2_7d","age","modifier_competing","RD",4202,3.49089227912911e-05,"treated:modifier",0.021949128129528,0.0115548031583521,0.0323434531007039,3.52499653325663e-05,9.77449838156152e-05
"aki2_7d","hemoglobin","three_way","OR",4197,0.3034628763829,"treated:egfr30:modifier",0.901979617605814,0.741071505150197,1.09782554709271,0.3034628763829,0.531060033670076
"aki2_7d","hemoglobin","egfr_competing","OR",4197,0.0737046369868702,"treated:egfr30",0.781876095981511,0.597069741365116,1.02388412460757,0.0737046369868704,0.0859887431513486
"aki2_7d","hemoglobin","modifier_competing","OR",4197,8.30302520625868e-11,"treated:modifier",0.670009179938521,0.593741062290746,0.756074204249772,8.30302520625869e-11,1.16242352887622e-09
"aki2_7d","hemoglobin","three_way","RD",4197,0.701010805343429,"treated:egfr30:modifier",-0.00237196080536886,-0.0144802206773734,0.00973629906663569,0.701020539777989,0.701010805343429
"aki2_7d","hemoglobin","egfr_competing","RD",4197,0.00556365604360785,"treated:egfr30",-0.0240282053819809,-0.0410151056698318,-0.00704130509413011,0.0055759321013857,0.00708101678277363
"aki2_7d","hemoglobin","modifier_competing","RD",4197,1.0042334201606e-11,"treated:modifier",-0.0248969389356768,-0.0320669003385627,-0.0177269775327908,1.07322214525273e-11,1.40592678822484e-10
"aki2_7d","map","three_way","OR",4184,0.526952853904277,"treated:egfr30:modifier",1.07211959914194,0.864070967480009,1.33026160827566,0.526952853904277,0.636584697418736
"aki2_7d","map","egfr_competing","OR",4184,0.00869277132277215,"treated:egfr30",0.702188771723644,0.539210475581789,0.914427841192728,0.00869277132277215,0.0211352475521222
"aki2_7d","map","modifier_competing","OR",4184,0.671361156680706,"treated:modifier",0.967046533682553,0.82836223200281,1.12894934387143,0.671361156680706,0.723004322579222
"aki2_7d","map","three_way","RD",4184,0.408909031531542,"treated:egfr30:modifier",0.0061093973161428,-0.0083907248982907,0.0206095195305763,0.408932596980407,0.572472644144159
"aki2_7d","map","egfr_competing","RD",4184,0.000428781451363671,"treated:egfr30",-0.0302166906349691,-0.0470337489443129,-0.0133996323256253,0.000431067561375371,0.00103736537339504
"aki2_7d","map","modifier_competing","RD",4184,0.719979864213481,"treated:modifier",-0.00168594717876101,-0.0109037665497473,0.00753187219222524,0.719988913924444,0.775362930691441
"aki2_7d","heart_failure","three_way","OR",4202,0.0986310940587649,"treated:egfr30:modifier1",1.61027447539392,0.914860921050165,2.8342929798867,0.0986310940587646,0.276167063364542
"aki2_7d","heart_failure","egfr_competing","OR",4202,0.0538644015761415,"treated:egfr30",0.763674542946077,0.58058871881079,1.00449558981865,0.0538644015761414,0.0685546929150891
"aki2_7d","heart_failure","modifier_competing","OR",4202,0.0114092311318089,"treated:modifier1",1.70883058038165,1.12828738064449,2.58808349941791,0.0114092311318089,0.0228184622636177
"aki2_7d","heart_failure","three_way","RD",4202,0.120788502585153,"treated:egfr30:modifier1",0.0290634019735936,-0.00765285912189918,0.0657796630690864,0.120826193418843,0.241577005170305
"aki2_7d","heart_failure","egfr_competing","RD",4202,0.00680272473023706,"treated:egfr30",-0.0240596801058939,-0.0414842437942621,-0.0066351164175256,0.00681647074203355,0.00793651218527657
"aki2_7d","heart_failure","modifier_competing","RD",4202,0.00179050082798169,"treated:modifier1",0.0424039903706715,0.0157907224210861,0.0690172583202568,0.00179658793560587,0.00358100165596338
"aki2_7d","diabetes","three_way","OR",4202,0.218666673842195,"treated:egfr30:modifier1",1.40004960490506,0.818992374218841,2.39335427031835,0.218666673842195,0.43733334768439
"aki2_7d","diabetes","egfr_competing","OR",4202,0.00543448112214847,"treated:egfr30",0.68658708374138,0.526700413182036,0.895009405275651,0.00543448112214847,0.0211352475521222
"aki2_7d","diabetes","modifier_competing","OR",4202,0.270153369092481,"treated:modifier1",0.808629458740733,0.554344729137701,1.17955771413298,0.270153369092481,0.343831560663158
"aki2_7d","diabetes","three_way","RD",4202,0.209390674956796,"treated:egfr30:modifier1",0.0221696602981663,-0.0124471789412997,0.0567864995376322,0.209425609983349,0.366433681174393
"aki2_7d","diabetes","egfr_competing","RD",4202,0.000275881110804105,"treated:egfr30",-0.031446395313543,-0.0483932507819851,-0.0144995398451008,0.00027753353983973,0.00103736537339504
"aki2_7d","diabetes","modifier_competing","RD",4202,0.370596362711619,"treated:modifier1",-0.0104732761068307,-0.0334000246054568,0.0124534723917955,0.370622024275227,0.432362423163555
"aki2_7d","hypertension","three_way","OR",4202,0.349643543212798,"treated:egfr30:modifier1",0.679497796439741,0.30235475117693,1.52707127494841,0.349643543212798,0.543889956108797
"aki2_7d","hypertension","egfr_competing","OR",4202,0.0147683837476833,"treated:egfr30",0.717724241727448,0.549739536461981,0.937040276343423,0.0147683837476833,0.0229730413852851
"aki2_7d","hypertension","modifier_competing","OR",4202,0.258084114579621,"treated:modifier1",1.29823935611574,0.825850205578595,2.04083672121509,0.258084114579621,0.343831560663158
"aki2_7d","hypertension","three_way","RD",4202,0.117803347723796,"treated:egfr30:modifier1",-0.0347536698488514,-0.0783051759583556,0.00879783626065276,0.117841035460553,0.241577005170305
"aki2_7d","hypertension","egfr_competing","RD",4202,0.000914494946621591,"treated:egfr30",-0.0286240906059313,-0.0455451204080709,-0.0117030608037916,0.000918373060536139,0.0014225476947447
"aki2_7d","hypertension","modifier_competing","RD",4202,0.160718848345254,"treated:modifier1",0.0171591780151327,-0.00681814859844795,0.0411365046287133,0.160755814194987,0.225006387683355
"aki2_7d","ckd","three_way","OR",4202,0.00250903113241838,"treated:egfr30:modifier1",2.91879140690346,1.45716248150644,5.84652939197694,0.00250903113241838,0.0175632179269287
"aki2_7d","ckd","egfr_competing","OR",4202,0.103938037963417,"treated:egfr30",0.776745804365515,0.572828003629806,1.05325514949744,0.103938037963417,0.111933271652911
"aki2_7d","ckd","modifier_competing","OR",4202,0.230692549771328,"treated:modifier1",1.38406227487978,0.813444015735,2.35496032141129,0.230692549771328,0.343831560663158
"aki2_7d","ckd","three_way","RD",4202,0.0230208631724753,"treated:egfr30:modifier1",0.056628486639929,0.00779983492800036,0.105457138351858,0.0230460154635965,0.102286607377825
"aki2_7d","ckd","egfr_competing","RD",4202,0.0319599841601667,"treated:egfr30",-0.0210546170341442,-0.040294135289002,-0.0018150987792864,0.0319885850716556,0.0344184444801795
"aki2_7d","ckd","modifier_competing","RD",4202,0.0732818492739478,"treated:modifier1",0.0343159725760712,-0.00323658333581761,0.07186852848796,0.0733178487160347,0.113993987759474
"aki2_7d","surg_cabg","three_way","OR",4202,0.737559554015519,"treated:egfr30:modifier1",1.12131690688513,0.573925767613022,2.1907913472779,0.737559554015519,0.794294904324405
"aki2_7d","surg_cabg","egfr_competing","OR",4202,0.0118515732925283,"treated:egfr30",0.711985018862594,0.546471971513367,0.927627936124386,0.0118515732925283,0.0211352475521222
"aki2_7d","surg_cabg","modifier_competing","OR",4202,0.00241777273800357,"treated:modifier1",0.4983767678372,0.317790497145896,0.781582221465309,0.00241777273800357,0.00564146972200833
"aki2_7d","surg_cabg","three_way","RD",4202,0.586889007772933,"treated:egfr30:modifier1",0.0126285673853222,-0.03292586875748,0.0581830035281243,0.586903432818006,0.66841333623599
"aki2_7d","surg_cabg","egfr_competing","RD",4202,0.000592780213368594,"treated:egfr30",-0.0294832301946138,-0.0463067739072565,-0.0126596864819712,0.000595647145551709,0.00103736537339504
"aki2_7d","surg_cabg","modifier_competing","RD",4202,0.000941430272353101,"treated:modifier1",-0.0417959174626685,-0.0665640983842381,-0.0170277365410989,0.00094538646465289,0.00219667063549057
"aki2_7d","surg_combined","three_way","OR",4202,0.545644026358917,"treated:egfr30:modifier1",1.37389130876505,0.490359716493839,3.8493727457807,0.545644026358917,0.636584697418736
"aki2_7d","surg_combined","egfr_competing","OR",4202,0.0108141168096417,"treated:egfr30",0.710292163748299,0.545992778332173,0.924032291092507,0.0108141168096417,0.0211352475521222
"aki2_7d","surg_combined","modifier_competing","OR",4202,0.0261167310519273,"treated:modifier1",2.2525784326645,1.10136374867866,4.60711513466176,0.0261167310519273,0.0457042793408728
"aki2_7d","surg_combined","three_way","RD",4202,0.620669526504848,"treated:egfr30:modifier1",0.0155562823405952,-0.0460525478030069,0.0771651124841973,0.620682476731004,0.66841333623599
"aki2_7d","surg_combined","egfr_competing","RD",4202,0.0005829953230608,"treated:egfr30",-0.0294758983469378,-0.0462732130832963,-0.0126785836105794,0.000585828750250486,0.00103736537339504
"aki2_7d","surg_combined","modifier_competing","RD",4202,0.0138184585766706,"treated:modifier1",0.0531184828422838,0.0108299317183777,0.0954070339661898,0.0138384022705103,0.0241823025091735
"aki2_7d","vent_at_t0","three_way","OR",4202,0.496843440011469,"treated:egfr30:modifier1",1.23115342364548,0.675764765479913,2.24299760801755,0.496843440011469,0.636584697418736
"aki2_7d","vent_at_t0","egfr_competing","OR",4202,0.0306844770131001,"treated:egfr30",0.746494850550977,0.572626206052329,0.973155884256197,0.0306844770131001,0.0429582678183401
"aki2_7d","vent_at_t0","modifier_competing","OR",4202,8.72537793439857e-06,"treated:modifier1",2.42889558443663,1.64257287642845,3.59164201768841,8.7253779343986e-06,4.07184303605267e-05
"aki2_7d","vent_at_t0","three_way","RD",4202,0.529452970668294,"treated:egfr30:modifier1",-0.0103888872780786,-0.0427694253447658,0.0219916507886086,0.529470077996322,0.66841333623599
"aki2_7d","vent_at_t0","egfr_competing","RD",4202,0.00346732933182146,"treated:egfr30",-0.0249293209815058,-0.0416458163976308,-0.00821282556538085,0.0034765829060433,0.00485426106455004
"aki2_7d","vent_at_t0","modifier_competing","RD",4202,7.21141987867813e-09,"treated:modifier1",0.0601388838944032,0.039766652395108,0.0805111153936983,7.47007420450809e-09,5.04799391507469e-08
"aki2_7d","sex","three_way","OR",4202,0.00769058144238011,"treated:egfr30:modifier1",2.04068584222134,1.20775573573957,3.44804713685964,0.00769058144238011,0.0358893800644405
"aki2_7d","sex","egfr_competing","OR",4202,0.0120772843154984,"treated:egfr30",0.71423726694379,0.54916899890005,0.928921469553274,0.0120772843154984,0.0211352475521222
"aki2_7d","sex","modifier_competing","OR",4202,6.11272714890352e-05,"treated:modifier1",2.18881377194035,1.49230129572946,3.21041450673932,6.11272714890351e-05,0.000213945450211623
"aki2_7d","sex","three_way","RD",4202,0.0292247449650929,"treated:egfr30:modifier1",0.0395194212454656,0.0039953941769419,0.0750434483139892,0.029252414974039,0.102286607377825
"aki2_7d","sex","egfr_competing","RD",4202,0.000567996763120179,"treated:egfr30",-0.0294565966164988,-0.0462085803626339,-0.0127046128703637,0.000570778447990796,0.00103736537339504
"aki2_7d","sex","modifier_competing","RD",4202,8.2405596617004e-07,"treated:modifier1",0.0608030276445447,0.0366277677862819,0.0849782875028074,8.39835856567744e-07,2.88419588159514e-06
"aki2_7d","vaso_at_t0","three_way","OR",4202,0.176881329382994,"treated:egfr30:modifier1",0.693167844485706,0.407221977419626,1.1799011037507,0.176881329382994,0.412723101893653
"aki2_7d","vaso_at_t0","egfr_competing","OR",4202,0.00905456551789222,"treated:egfr30",0.704081103646751,0.540994913002843,0.916330613463314,0.00905456551789222,0.0211352475521222
"aki2_7d","vaso_at_t0","modifier_competing","OR",4202,0.376890645691075,"treated:modifier1",1.17741982053533,0.819593793664794,1.69146892583284,0.376890645691075,0.439705753306254
"aki2_7d","vaso_at_t0","three_way","RD",4202,0.0613676401863514,"treated:egfr30:modifier1",-0.0318525238900881,-0.0652231156958867,0.00151806791571058,0.0614023976168566,0.171829392521784
"aki2_7d","vaso_at_t0","egfr_competing","RD",4202,0.00044808723245274,"treated:egfr30",-0.0299915970510909,-0.046738986457005,-0.0132442076451768,0.000450436618671286,0.00103736537339504
"aki2_7d","vaso_at_t0","modifier_competing","RD",4202,0.224914782732388,"treated:modifier1",0.012994689702127,-0.00799276581479477,0.0339821452190487,0.224948912218533,0.28625517802304
